,fnames,ssims
0,result/JB/VarNet/reconstructions_forward/VarNet_test_sj/brain_test1.h5,0.94655704
1,result/JB/VarNet/reconstructions_forward/VarNet_test_sj/brain_test1.h5,0.94749844
2,result/JB/VarNet/reconstructions_forward/VarNet_test_sj/brain_test1.h5,0.9533775
3,result/JB/VarNet/reconstructions_forward/VarNet_test_sj/brain_test1.h5,0.95825434
4,result/JB/VarNet/reconstructions_forward/VarNet_test_sj/brain_test1.h5,0.9661461
5,result/JB/VarNet/reconstructions_forward/VarNet_test_sj/brain_test1.h5,0.96767414
6,result/JB/VarNet/reconstructions_forward/VarNet_test_sj/brain_test1.h5,0.97211385
7,result/JB/VarNet/reconstructions_forward/VarNet_test_sj/brain_test1.h5,0.97401637
8,result/JB/VarNet/reconstructions_forward/VarNet_test_sj/brain_test1.h5,0.9782089
9,result/JB/VarNet/reconstructions_forward/VarNet_test_sj/brain_test1.h5,0.97732556
10,result/JB/VarNet/reconstructions_forward/VarNet_test_sj/brain_test1.h5,0.98011005
11,result/JB/VarNet/reconstructions_forward/VarNet_test_sj/brain_test1.h5,0.9811288
12,result/JB/VarNet/reconstructions_forward/VarNet_test_sj/brain_test1.h5,0.98368716
13,result/JB/VarNet/reconstructions_forward/VarNet_test_sj/brain_test1.h5,0.9866885
14,result/JB/VarNet/reconstructions_forward/VarNet_test_sj/brain_test1.h5,0.9911088
15,result/JB/VarNet/reconstructions_forward/VarNet_test_sj/brain_test1.h5,0.9944041
16,result/JB/VarNet/reconstructions_forward/VarNet_test_sj/brain_test2.h5,0.9591316
17,result/JB/VarNet/reconstructions_forward/VarNet_test_sj/brain_test2.h5,0.9592777
18,result/JB/VarNet/reconstructions_forward/VarNet_test_sj/brain_test2.h5,0.96135706
19,result/JB/VarNet/reconstructions_forward/VarNet_test_sj/brain_test2.h5,0.9611164
20,result/JB/VarNet/reconstructions_forward/VarNet_test_sj/brain_test2.h5,0.9578111
21,result/JB/VarNet/reconstructions_forward/VarNet_test_sj/brain_test2.h5,0.9621207
22,result/JB/VarNet/reconstructions_forward/VarNet_test_sj/brain_test2.h5,0.9635111
23,result/JB/VarNet/reconstructions_forward/VarNet_test_sj/brain_test2.h5,0.9678708
24,result/JB/VarNet/reconstructions_forward/VarNet_test_sj/brain_test2.h5,0.9692428
25,result/JB/VarNet/reconstructions_forward/VarNet_test_sj/brain_test2.h5,0.9687947
26,result/JB/VarNet/reconstructions_forward/VarNet_test_sj/brain_test2.h5,0.9700139
27,result/JB/VarNet/reconstructions_forward/VarNet_test_sj/brain_test2.h5,0.97408134
28,result/JB/VarNet/reconstructions_forward/VarNet_test_sj/brain_test2.h5,0.979453
29,result/JB/VarNet/reconstructions_forward/VarNet_test_sj/brain_test2.h5,0.9875764
30,result/JB/VarNet/reconstructions_forward/VarNet_test_sj/brain_test2.h5,0.994506
31,result/JB/VarNet/reconstructions_forward/VarNet_test_sj/brain_test2.h5,0.99977964
32,result/JB/VarNet/reconstructions_forward/VarNet_test_sj/brain_test3.h5,0.9707352
33,result/JB/VarNet/reconstructions_forward/VarNet_test_sj/brain_test3.h5,0.97340256
34,result/JB/VarNet/reconstructions_forward/VarNet_test_sj/brain_test3.h5,0.97453403
35,result/JB/VarNet/reconstructions_forward/VarNet_test_sj/brain_test3.h5,0.97774065
36,result/JB/VarNet/reconstructions_forward/VarNet_test_sj/brain_test3.h5,0.9784017
37,result/JB/VarNet/reconstructions_forward/VarNet_test_sj/brain_test3.h5,0.9784299
38,result/JB/VarNet/reconstructions_forward/VarNet_test_sj/brain_test3.h5,0.9783159
39,result/JB/VarNet/reconstructions_forward/VarNet_test_sj/brain_test3.h5,0.9806324
40,result/JB/VarNet/reconstructions_forward/VarNet_test_sj/brain_test3.h5,0.97985363
41,result/JB/VarNet/reconstructions_forward/VarNet_test_sj/brain_test3.h5,0.98173076
42,result/JB/VarNet/reconstructions_forward/VarNet_test_sj/brain_test3.h5,0.98291916
43,result/JB/VarNet/reconstructions_forward/VarNet_test_sj/brain_test3.h5,0.98505396
44,result/JB/VarNet/reconstructions_forward/VarNet_test_sj/brain_test3.h5,0.9856074
45,result/JB/VarNet/reconstructions_forward/VarNet_test_sj/brain_test3.h5,0.98642546
46,result/JB/VarNet/reconstructions_forward/VarNet_test_sj/brain_test3.h5,0.9906038
47,result/JB/VarNet/reconstructions_forward/VarNet_test_sj/brain_test3.h5,0.9953793
48,result/JB/VarNet/reconstructions_forward/VarNet_test_sj/brain_test4.h5,0.9364212
49,result/JB/VarNet/reconstructions_forward/VarNet_test_sj/brain_test4.h5,0.94827294
50,result/JB/VarNet/reconstructions_forward/VarNet_test_sj/brain_test4.h5,0.9452642
51,result/JB/VarNet/reconstructions_forward/VarNet_test_sj/brain_test4.h5,0.9479309
52,result/JB/VarNet/reconstructions_forward/VarNet_test_sj/brain_test4.h5,0.95375913
53,result/JB/VarNet/reconstructions_forward/VarNet_test_sj/brain_test4.h5,0.9602717
54,result/JB/VarNet/reconstructions_forward/VarNet_test_sj/brain_test4.h5,0.9647691
55,result/JB/VarNet/reconstructions_forward/VarNet_test_sj/brain_test4.h5,0.9718176
56,result/JB/VarNet/reconstructions_forward/VarNet_test_sj/brain_test4.h5,0.97208637
57,result/JB/VarNet/reconstructions_forward/VarNet_test_sj/brain_test4.h5,0.9746392
58,result/JB/VarNet/reconstructions_forward/VarNet_test_sj/brain_test4.h5,0.97343034
59,result/JB/VarNet/reconstructions_forward/VarNet_test_sj/brain_test4.h5,0.9773893
60,result/JB/VarNet/reconstructions_forward/VarNet_test_sj/brain_test4.h5,0.9792168
61,result/JB/VarNet/reconstructions_forward/VarNet_test_sj/brain_test4.h5,0.9830497
62,result/JB/VarNet/reconstructions_forward/VarNet_test_sj/brain_test4.h5,0.9868967
63,result/JB/VarNet/reconstructions_forward/VarNet_test_sj/brain_test4.h5,0.9908412
64,result/JB/VarNet/reconstructions_forward/VarNet_test_sj/brain_test5.h5,0.93444616
65,result/JB/VarNet/reconstructions_forward/VarNet_test_sj/brain_test5.h5,0.9390118
66,result/JB/VarNet/reconstructions_forward/VarNet_test_sj/brain_test5.h5,0.9408527
67,result/JB/VarNet/reconstructions_forward/VarNet_test_sj/brain_test5.h5,0.9476699
68,result/JB/VarNet/reconstructions_forward/VarNet_test_sj/brain_test5.h5,0.9534565
69,result/JB/VarNet/reconstructions_forward/VarNet_test_sj/brain_test5.h5,0.9611553
70,result/JB/VarNet/reconstructions_forward/VarNet_test_sj/brain_test5.h5,0.9672829
71,result/JB/VarNet/reconstructions_forward/VarNet_test_sj/brain_test5.h5,0.9707998
72,result/JB/VarNet/reconstructions_forward/VarNet_test_sj/brain_test5.h5,0.97226113
73,result/JB/VarNet/reconstructions_forward/VarNet_test_sj/brain_test5.h5,0.9751998
74,result/JB/VarNet/reconstructions_forward/VarNet_test_sj/brain_test5.h5,0.9767993
75,result/JB/VarNet/reconstructions_forward/VarNet_test_sj/brain_test5.h5,0.9807498
76,result/JB/VarNet/reconstructions_forward/VarNet_test_sj/brain_test5.h5,0.9832871
77,result/JB/VarNet/reconstructions_forward/VarNet_test_sj/brain_test5.h5,0.9884777
78,result/JB/VarNet/reconstructions_forward/VarNet_test_sj/brain_test5.h5,0.99399453
79,result/JB/VarNet/reconstructions_forward/VarNet_test_sj/brain_test5.h5,0.99733436
80,result/JB/VarNet/reconstructions_forward/VarNet_test_sj/brain_test6.h5,0.94993806
81,result/JB/VarNet/reconstructions_forward/VarNet_test_sj/brain_test6.h5,0.95723647
82,result/JB/VarNet/reconstructions_forward/VarNet_test_sj/brain_test6.h5,0.9609737
83,result/JB/VarNet/reconstructions_forward/VarNet_test_sj/brain_test6.h5,0.96349967
84,result/JB/VarNet/reconstructions_forward/VarNet_test_sj/brain_test6.h5,0.96621567
85,result/JB/VarNet/reconstructions_forward/VarNet_test_sj/brain_test6.h5,0.9696867
86,result/JB/VarNet/reconstructions_forward/VarNet_test_sj/brain_test6.h5,0.97134846
87,result/JB/VarNet/reconstructions_forward/VarNet_test_sj/brain_test6.h5,0.97137195
88,result/JB/VarNet/reconstructions_forward/VarNet_test_sj/brain_test6.h5,0.9712716
89,result/JB/VarNet/reconstructions_forward/VarNet_test_sj/brain_test6.h5,0.9702808
90,result/JB/VarNet/reconstructions_forward/VarNet_test_sj/brain_test6.h5,0.9688088
91,result/JB/VarNet/reconstructions_forward/VarNet_test_sj/brain_test6.h5,0.9705216
92,result/JB/VarNet/reconstructions_forward/VarNet_test_sj/brain_test6.h5,0.97523284
93,result/JB/VarNet/reconstructions_forward/VarNet_test_sj/brain_test6.h5,0.97730947
94,result/JB/VarNet/reconstructions_forward/VarNet_test_sj/brain_test6.h5,0.98297536
95,result/JB/VarNet/reconstructions_forward/VarNet_test_sj/brain_test6.h5,0.9886995
96,result/JB/VarNet/reconstructions_forward/VarNet_test_sj/brain_test7.h5,0.9590607
97,result/JB/VarNet/reconstructions_forward/VarNet_test_sj/brain_test7.h5,0.95907044
98,result/JB/VarNet/reconstructions_forward/VarNet_test_sj/brain_test7.h5,0.9571081
99,result/JB/VarNet/reconstructions_forward/VarNet_test_sj/brain_test7.h5,0.9607662
100,result/JB/VarNet/reconstructions_forward/VarNet_test_sj/brain_test7.h5,0.9662846
101,result/JB/VarNet/reconstructions_forward/VarNet_test_sj/brain_test7.h5,0.96834975
102,result/JB/VarNet/reconstructions_forward/VarNet_test_sj/brain_test7.h5,0.9708197
103,result/JB/VarNet/reconstructions_forward/VarNet_test_sj/brain_test7.h5,0.97377086
104,result/JB/VarNet/reconstructions_forward/VarNet_test_sj/brain_test7.h5,0.97604656
105,result/JB/VarNet/reconstructions_forward/VarNet_test_sj/brain_test7.h5,0.9743898
106,result/JB/VarNet/reconstructions_forward/VarNet_test_sj/brain_test7.h5,0.9803023
107,result/JB/VarNet/reconstructions_forward/VarNet_test_sj/brain_test7.h5,0.985123
108,result/JB/VarNet/reconstructions_forward/VarNet_test_sj/brain_test7.h5,0.9902717
109,result/JB/VarNet/reconstructions_forward/VarNet_test_sj/brain_test7.h5,0.9966758
110,result/JB/VarNet/reconstructions_forward/VarNet_test_sj/brain_test7.h5,1.0
111,result/JB/VarNet/reconstructions_forward/VarNet_test_sj/brain_test7.h5,1.0
112,result/JB/VarNet/reconstructions_forward/VarNet_test_sj/brain_test8.h5,0.97334397
113,result/JB/VarNet/reconstructions_forward/VarNet_test_sj/brain_test8.h5,0.9754008
114,result/JB/VarNet/reconstructions_forward/VarNet_test_sj/brain_test8.h5,0.97777927
115,result/JB/VarNet/reconstructions_forward/VarNet_test_sj/brain_test8.h5,0.9792294
116,result/JB/VarNet/reconstructions_forward/VarNet_test_sj/brain_test8.h5,0.9793343
117,result/JB/VarNet/reconstructions_forward/VarNet_test_sj/brain_test8.h5,0.9808929
118,result/JB/VarNet/reconstructions_forward/VarNet_test_sj/brain_test8.h5,0.9810075
119,result/JB/VarNet/reconstructions_forward/VarNet_test_sj/brain_test8.h5,0.98072165
120,result/JB/VarNet/reconstructions_forward/VarNet_test_sj/brain_test8.h5,0.9824682
121,result/JB/VarNet/reconstructions_forward/VarNet_test_sj/brain_test8.h5,0.9828639
122,result/JB/VarNet/reconstructions_forward/VarNet_test_sj/brain_test8.h5,0.98227155
123,result/JB/VarNet/reconstructions_forward/VarNet_test_sj/brain_test8.h5,0.98399323
124,result/JB/VarNet/reconstructions_forward/VarNet_test_sj/brain_test8.h5,0.98641026
125,result/JB/VarNet/reconstructions_forward/VarNet_test_sj/brain_test8.h5,0.98994505
126,result/JB/VarNet/reconstructions_forward/VarNet_test_sj/brain_test8.h5,0.9937308
127,result/JB/VarNet/reconstructions_forward/VarNet_test_sj/brain_test8.h5,0.99821335
128,result/JB/VarNet/reconstructions_forward/VarNet_test_sj/brain_test9.h5,0.9665374
129,result/JB/VarNet/reconstructions_forward/VarNet_test_sj/brain_test9.h5,0.96957016
130,result/JB/VarNet/reconstructions_forward/VarNet_test_sj/brain_test9.h5,0.9725182
131,result/JB/VarNet/reconstructions_forward/VarNet_test_sj/brain_test9.h5,0.9745484
132,result/JB/VarNet/reconstructions_forward/VarNet_test_sj/brain_test9.h5,0.9765016
133,result/JB/VarNet/reconstructions_forward/VarNet_test_sj/brain_test9.h5,0.977512
134,result/JB/VarNet/reconstructions_forward/VarNet_test_sj/brain_test9.h5,0.9764857
135,result/JB/VarNet/reconstructions_forward/VarNet_test_sj/brain_test9.h5,0.9769831
136,result/JB/VarNet/reconstructions_forward/VarNet_test_sj/brain_test9.h5,0.97908854
137,result/JB/VarNet/reconstructions_forward/VarNet_test_sj/brain_test9.h5,0.97975713
138,result/JB/VarNet/reconstructions_forward/VarNet_test_sj/brain_test9.h5,0.9799553
139,result/JB/VarNet/reconstructions_forward/VarNet_test_sj/brain_test9.h5,0.9808896
140,result/JB/VarNet/reconstructions_forward/VarNet_test_sj/brain_test9.h5,0.9837518
141,result/JB/VarNet/reconstructions_forward/VarNet_test_sj/brain_test9.h5,0.9856646
142,result/JB/VarNet/reconstructions_forward/VarNet_test_sj/brain_test9.h5,0.9891921
143,result/JB/VarNet/reconstructions_forward/VarNet_test_sj/brain_test9.h5,0.9948179
144,result/JB/VarNet/reconstructions_forward/VarNet_test_sj/brain_test10.h5,0.9752888
145,result/JB/VarNet/reconstructions_forward/VarNet_test_sj/brain_test10.h5,0.9754603
146,result/JB/VarNet/reconstructions_forward/VarNet_test_sj/brain_test10.h5,0.9769654
147,result/JB/VarNet/reconstructions_forward/VarNet_test_sj/brain_test10.h5,0.9788809
148,result/JB/VarNet/reconstructions_forward/VarNet_test_sj/brain_test10.h5,0.9786131
149,result/JB/VarNet/reconstructions_forward/VarNet_test_sj/brain_test10.h5,0.9789976
150,result/JB/VarNet/reconstructions_forward/VarNet_test_sj/brain_test10.h5,0.9803557
151,result/JB/VarNet/reconstructions_forward/VarNet_test_sj/brain_test10.h5,0.98053664
152,result/JB/VarNet/reconstructions_forward/VarNet_test_sj/brain_test10.h5,0.98150575
153,result/JB/VarNet/reconstructions_forward/VarNet_test_sj/brain_test10.h5,0.98080695
154,result/JB/VarNet/reconstructions_forward/VarNet_test_sj/brain_test10.h5,0.98347116
155,result/JB/VarNet/reconstructions_forward/VarNet_test_sj/brain_test10.h5,0.98600197
156,result/JB/VarNet/reconstructions_forward/VarNet_test_sj/brain_test10.h5,0.9894942
157,result/JB/VarNet/reconstructions_forward/VarNet_test_sj/brain_test10.h5,0.9944008
158,result/JB/VarNet/reconstructions_forward/VarNet_test_sj/brain_test10.h5,0.99802065
159,result/JB/VarNet/reconstructions_forward/VarNet_test_sj/brain_test10.h5,1.0
160,result/JB/VarNet/reconstructions_forward/VarNet_test_sj/brain_test11.h5,0.94618875
161,result/JB/VarNet/reconstructions_forward/VarNet_test_sj/brain_test11.h5,0.93431
162,result/JB/VarNet/reconstructions_forward/VarNet_test_sj/brain_test11.h5,0.9386446
163,result/JB/VarNet/reconstructions_forward/VarNet_test_sj/brain_test11.h5,0.94573325
164,result/JB/VarNet/reconstructions_forward/VarNet_test_sj/brain_test11.h5,0.94501024
165,result/JB/VarNet/reconstructions_forward/VarNet_test_sj/brain_test11.h5,0.95262665
166,result/JB/VarNet/reconstructions_forward/VarNet_test_sj/brain_test11.h5,0.9572098
167,result/JB/VarNet/reconstructions_forward/VarNet_test_sj/brain_test11.h5,0.96173054
168,result/JB/VarNet/reconstructions_forward/VarNet_test_sj/brain_test11.h5,0.9655164
169,result/JB/VarNet/reconstructions_forward/VarNet_test_sj/brain_test11.h5,0.9682475
170,result/JB/VarNet/reconstructions_forward/VarNet_test_sj/brain_test11.h5,0.9638179
171,result/JB/VarNet/reconstructions_forward/VarNet_test_sj/brain_test11.h5,0.9696666
172,result/JB/VarNet/reconstructions_forward/VarNet_test_sj/brain_test11.h5,0.9736272
173,result/JB/VarNet/reconstructions_forward/VarNet_test_sj/brain_test11.h5,0.9755973
174,result/JB/VarNet/reconstructions_forward/VarNet_test_sj/brain_test11.h5,0.9816461
175,result/JB/VarNet/reconstructions_forward/VarNet_test_sj/brain_test11.h5,0.9862774
176,result/JB/VarNet/reconstructions_forward/VarNet_test_sj/brain_test12.h5,0.97382796
177,result/JB/VarNet/reconstructions_forward/VarNet_test_sj/brain_test12.h5,0.9757572
178,result/JB/VarNet/reconstructions_forward/VarNet_test_sj/brain_test12.h5,0.97824174
179,result/JB/VarNet/reconstructions_forward/VarNet_test_sj/brain_test12.h5,0.97879803
180,result/JB/VarNet/reconstructions_forward/VarNet_test_sj/brain_test12.h5,0.97978884
181,result/JB/VarNet/reconstructions_forward/VarNet_test_sj/brain_test12.h5,0.9809442
182,result/JB/VarNet/reconstructions_forward/VarNet_test_sj/brain_test12.h5,0.97958785
183,result/JB/VarNet/reconstructions_forward/VarNet_test_sj/brain_test12.h5,0.9779847
184,result/JB/VarNet/reconstructions_forward/VarNet_test_sj/brain_test12.h5,0.9807549
185,result/JB/VarNet/reconstructions_forward/VarNet_test_sj/brain_test12.h5,0.9826067
186,result/JB/VarNet/reconstructions_forward/VarNet_test_sj/brain_test12.h5,0.9828729
187,result/JB/VarNet/reconstructions_forward/VarNet_test_sj/brain_test12.h5,0.98419905
188,result/JB/VarNet/reconstructions_forward/VarNet_test_sj/brain_test12.h5,0.9857258
189,result/JB/VarNet/reconstructions_forward/VarNet_test_sj/brain_test12.h5,0.9892234
190,result/JB/VarNet/reconstructions_forward/VarNet_test_sj/brain_test12.h5,0.99149
191,result/JB/VarNet/reconstructions_forward/VarNet_test_sj/brain_test12.h5,0.994574
192,result/JB/VarNet/reconstructions_forward/VarNet_test_sj/brain_test13.h5,0.9266371
193,result/JB/VarNet/reconstructions_forward/VarNet_test_sj/brain_test13.h5,0.92949545
194,result/JB/VarNet/reconstructions_forward/VarNet_test_sj/brain_test13.h5,0.9353055
195,result/JB/VarNet/reconstructions_forward/VarNet_test_sj/brain_test13.h5,0.9380557
196,result/JB/VarNet/reconstructions_forward/VarNet_test_sj/brain_test13.h5,0.9495124
197,result/JB/VarNet/reconstructions_forward/VarNet_test_sj/brain_test13.h5,0.95267344
198,result/JB/VarNet/reconstructions_forward/VarNet_test_sj/brain_test13.h5,0.95998305
199,result/JB/VarNet/reconstructions_forward/VarNet_test_sj/brain_test13.h5,0.9573245
200,result/JB/VarNet/reconstructions_forward/VarNet_test_sj/brain_test13.h5,0.96373475
201,result/JB/VarNet/reconstructions_forward/VarNet_test_sj/brain_test13.h5,0.9644273
202,result/JB/VarNet/reconstructions_forward/VarNet_test_sj/brain_test13.h5,0.9698493
203,result/JB/VarNet/reconstructions_forward/VarNet_test_sj/brain_test13.h5,0.9663575
204,result/JB/VarNet/reconstructions_forward/VarNet_test_sj/brain_test13.h5,0.9721634
205,result/JB/VarNet/reconstructions_forward/VarNet_test_sj/brain_test13.h5,0.9719628
206,result/JB/VarNet/reconstructions_forward/VarNet_test_sj/brain_test13.h5,0.97623235
207,result/JB/VarNet/reconstructions_forward/VarNet_test_sj/brain_test13.h5,0.9788688
208,result/JB/VarNet/reconstructions_forward/VarNet_test_sj/brain_test14.h5,0.9776885
209,result/JB/VarNet/reconstructions_forward/VarNet_test_sj/brain_test14.h5,0.9792341
210,result/JB/VarNet/reconstructions_forward/VarNet_test_sj/brain_test14.h5,0.9792201
211,result/JB/VarNet/reconstructions_forward/VarNet_test_sj/brain_test14.h5,0.9809487
212,result/JB/VarNet/reconstructions_forward/VarNet_test_sj/brain_test14.h5,0.980754
213,result/JB/VarNet/reconstructions_forward/VarNet_test_sj/brain_test14.h5,0.98102105
214,result/JB/VarNet/reconstructions_forward/VarNet_test_sj/brain_test14.h5,0.98171896
215,result/JB/VarNet/reconstructions_forward/VarNet_test_sj/brain_test14.h5,0.9820056
216,result/JB/VarNet/reconstructions_forward/VarNet_test_sj/brain_test14.h5,0.9814832
217,result/JB/VarNet/reconstructions_forward/VarNet_test_sj/brain_test14.h5,0.9836633
218,result/JB/VarNet/reconstructions_forward/VarNet_test_sj/brain_test14.h5,0.98483
219,result/JB/VarNet/reconstructions_forward/VarNet_test_sj/brain_test14.h5,0.98611635
220,result/JB/VarNet/reconstructions_forward/VarNet_test_sj/brain_test14.h5,0.9880694
221,result/JB/VarNet/reconstructions_forward/VarNet_test_sj/brain_test14.h5,0.9913218
222,result/JB/VarNet/reconstructions_forward/VarNet_test_sj/brain_test14.h5,0.99547994
223,result/JB/VarNet/reconstructions_forward/VarNet_test_sj/brain_test14.h5,0.99851966
224,result/JB/VarNet/reconstructions_forward/VarNet_test_sj/brain_test15.h5,0.9391112
225,result/JB/VarNet/reconstructions_forward/VarNet_test_sj/brain_test15.h5,0.94577384
226,result/JB/VarNet/reconstructions_forward/VarNet_test_sj/brain_test15.h5,0.94801694
227,result/JB/VarNet/reconstructions_forward/VarNet_test_sj/brain_test15.h5,0.95454067
228,result/JB/VarNet/reconstructions_forward/VarNet_test_sj/brain_test15.h5,0.9629266
229,result/JB/VarNet/reconstructions_forward/VarNet_test_sj/brain_test15.h5,0.9651369
230,result/JB/VarNet/reconstructions_forward/VarNet_test_sj/brain_test15.h5,0.9669896
231,result/JB/VarNet/reconstructions_forward/VarNet_test_sj/brain_test15.h5,0.9704818
232,result/JB/VarNet/reconstructions_forward/VarNet_test_sj/brain_test15.h5,0.97283053
233,result/JB/VarNet/reconstructions_forward/VarNet_test_sj/brain_test15.h5,0.97633106
234,result/JB/VarNet/reconstructions_forward/VarNet_test_sj/brain_test15.h5,0.9786043
235,result/JB/VarNet/reconstructions_forward/VarNet_test_sj/brain_test15.h5,0.9815266
236,result/JB/VarNet/reconstructions_forward/VarNet_test_sj/brain_test15.h5,0.9841964
237,result/JB/VarNet/reconstructions_forward/VarNet_test_sj/brain_test15.h5,0.988703
238,result/JB/VarNet/reconstructions_forward/VarNet_test_sj/brain_test15.h5,0.9932011
239,result/JB/VarNet/reconstructions_forward/VarNet_test_sj/brain_test15.h5,0.996305
240,result/JB/VarNet/reconstructions_forward/VarNet_test_sj/brain_test16.h5,0.9687874
241,result/JB/VarNet/reconstructions_forward/VarNet_test_sj/brain_test16.h5,0.9710181
242,result/JB/VarNet/reconstructions_forward/VarNet_test_sj/brain_test16.h5,0.975622
243,result/JB/VarNet/reconstructions_forward/VarNet_test_sj/brain_test16.h5,0.97502416
244,result/JB/VarNet/reconstructions_forward/VarNet_test_sj/brain_test16.h5,0.9778989
245,result/JB/VarNet/reconstructions_forward/VarNet_test_sj/brain_test16.h5,0.9767419
246,result/JB/VarNet/reconstructions_forward/VarNet_test_sj/brain_test16.h5,0.97673887
247,result/JB/VarNet/reconstructions_forward/VarNet_test_sj/brain_test16.h5,0.97630066
248,result/JB/VarNet/reconstructions_forward/VarNet_test_sj/brain_test16.h5,0.9787442
249,result/JB/VarNet/reconstructions_forward/VarNet_test_sj/brain_test16.h5,0.9802395
250,result/JB/VarNet/reconstructions_forward/VarNet_test_sj/brain_test16.h5,0.9823084
251,result/JB/VarNet/reconstructions_forward/VarNet_test_sj/brain_test16.h5,0.9857761
252,result/JB/VarNet/reconstructions_forward/VarNet_test_sj/brain_test16.h5,0.98984665
253,result/JB/VarNet/reconstructions_forward/VarNet_test_sj/brain_test16.h5,0.9951721
254,result/JB/VarNet/reconstructions_forward/VarNet_test_sj/brain_test16.h5,0.9983041
255,result/JB/VarNet/reconstructions_forward/VarNet_test_sj/brain_test16.h5,0.9998474
256,result/JB/VarNet/reconstructions_forward/VarNet_test_sj/brain_test17.h5,0.9728827
257,result/JB/VarNet/reconstructions_forward/VarNet_test_sj/brain_test17.h5,0.97631323
258,result/JB/VarNet/reconstructions_forward/VarNet_test_sj/brain_test17.h5,0.97801054
259,result/JB/VarNet/reconstructions_forward/VarNet_test_sj/brain_test17.h5,0.9809188
260,result/JB/VarNet/reconstructions_forward/VarNet_test_sj/brain_test17.h5,0.97913647
261,result/JB/VarNet/reconstructions_forward/VarNet_test_sj/brain_test17.h5,0.9812123
262,result/JB/VarNet/reconstructions_forward/VarNet_test_sj/brain_test17.h5,0.981867
263,result/JB/VarNet/reconstructions_forward/VarNet_test_sj/brain_test17.h5,0.98157233
264,result/JB/VarNet/reconstructions_forward/VarNet_test_sj/brain_test17.h5,0.9813268
265,result/JB/VarNet/reconstructions_forward/VarNet_test_sj/brain_test17.h5,0.982595
266,result/JB/VarNet/reconstructions_forward/VarNet_test_sj/brain_test17.h5,0.98663664
267,result/JB/VarNet/reconstructions_forward/VarNet_test_sj/brain_test17.h5,0.9904365
268,result/JB/VarNet/reconstructions_forward/VarNet_test_sj/brain_test17.h5,0.9931948
269,result/JB/VarNet/reconstructions_forward/VarNet_test_sj/brain_test17.h5,0.99597967
270,result/JB/VarNet/reconstructions_forward/VarNet_test_sj/brain_test17.h5,0.9984561
271,result/JB/VarNet/reconstructions_forward/VarNet_test_sj/brain_test17.h5,1.0
272,result/JB/VarNet/reconstructions_forward/VarNet_test_sj/brain_test18.h5,0.9276691
273,result/JB/VarNet/reconstructions_forward/VarNet_test_sj/brain_test18.h5,0.9255625
274,result/JB/VarNet/reconstructions_forward/VarNet_test_sj/brain_test18.h5,0.92840016
275,result/JB/VarNet/reconstructions_forward/VarNet_test_sj/brain_test18.h5,0.9373585
276,result/JB/VarNet/reconstructions_forward/VarNet_test_sj/brain_test18.h5,0.9357514
277,result/JB/VarNet/reconstructions_forward/VarNet_test_sj/brain_test18.h5,0.93320715
278,result/JB/VarNet/reconstructions_forward/VarNet_test_sj/brain_test18.h5,0.9257987
279,result/JB/VarNet/reconstructions_forward/VarNet_test_sj/brain_test18.h5,0.93409586
280,result/JB/VarNet/reconstructions_forward/VarNet_test_sj/brain_test18.h5,0.9422981
281,result/JB/VarNet/reconstructions_forward/VarNet_test_sj/brain_test18.h5,0.95724905
282,result/JB/VarNet/reconstructions_forward/VarNet_test_sj/brain_test18.h5,0.96577114
283,result/JB/VarNet/reconstructions_forward/VarNet_test_sj/brain_test18.h5,0.9729004
284,result/JB/VarNet/reconstructions_forward/VarNet_test_sj/brain_test18.h5,0.97676235
285,result/JB/VarNet/reconstructions_forward/VarNet_test_sj/brain_test18.h5,0.98442626
286,result/JB/VarNet/reconstructions_forward/VarNet_test_sj/brain_test18.h5,0.9882624
287,result/JB/VarNet/reconstructions_forward/VarNet_test_sj/brain_test18.h5,0.9942954
288,result/JB/VarNet/reconstructions_forward/VarNet_test_sj/brain_test19.h5,0.938288
289,result/JB/VarNet/reconstructions_forward/VarNet_test_sj/brain_test19.h5,0.944381
290,result/JB/VarNet/reconstructions_forward/VarNet_test_sj/brain_test19.h5,0.9451594
291,result/JB/VarNet/reconstructions_forward/VarNet_test_sj/brain_test19.h5,0.9571394
292,result/JB/VarNet/reconstructions_forward/VarNet_test_sj/brain_test19.h5,0.96055037
293,result/JB/VarNet/reconstructions_forward/VarNet_test_sj/brain_test19.h5,0.9641617
294,result/JB/VarNet/reconstructions_forward/VarNet_test_sj/brain_test19.h5,0.966819
295,result/JB/VarNet/reconstructions_forward/VarNet_test_sj/brain_test19.h5,0.9714869
296,result/JB/VarNet/reconstructions_forward/VarNet_test_sj/brain_test19.h5,0.96908724
297,result/JB/VarNet/reconstructions_forward/VarNet_test_sj/brain_test19.h5,0.97334296
298,result/JB/VarNet/reconstructions_forward/VarNet_test_sj/brain_test19.h5,0.97674465
299,result/JB/VarNet/reconstructions_forward/VarNet_test_sj/brain_test19.h5,0.97983164
300,result/JB/VarNet/reconstructions_forward/VarNet_test_sj/brain_test19.h5,0.98289627
301,result/JB/VarNet/reconstructions_forward/VarNet_test_sj/brain_test19.h5,0.986054
302,result/JB/VarNet/reconstructions_forward/VarNet_test_sj/brain_test19.h5,0.98732275
303,result/JB/VarNet/reconstructions_forward/VarNet_test_sj/brain_test19.h5,0.9929228
304,result/JB/VarNet/reconstructions_forward/VarNet_test_sj/brain_test20.h5,0.9477472
305,result/JB/VarNet/reconstructions_forward/VarNet_test_sj/brain_test20.h5,0.9429361
306,result/JB/VarNet/reconstructions_forward/VarNet_test_sj/brain_test20.h5,0.9414479
307,result/JB/VarNet/reconstructions_forward/VarNet_test_sj/brain_test20.h5,0.9444798
308,result/JB/VarNet/reconstructions_forward/VarNet_test_sj/brain_test20.h5,0.95070136
309,result/JB/VarNet/reconstructions_forward/VarNet_test_sj/brain_test20.h5,0.96334404
310,result/JB/VarNet/reconstructions_forward/VarNet_test_sj/brain_test20.h5,0.9642428
311,result/JB/VarNet/reconstructions_forward/VarNet_test_sj/brain_test20.h5,0.9669964
312,result/JB/VarNet/reconstructions_forward/VarNet_test_sj/brain_test20.h5,0.97112185
313,result/JB/VarNet/reconstructions_forward/VarNet_test_sj/brain_test20.h5,0.9743997
314,result/JB/VarNet/reconstructions_forward/VarNet_test_sj/brain_test20.h5,0.971163
315,result/JB/VarNet/reconstructions_forward/VarNet_test_sj/brain_test20.h5,0.9728921
316,result/JB/VarNet/reconstructions_forward/VarNet_test_sj/brain_test20.h5,0.97963065
317,result/JB/VarNet/reconstructions_forward/VarNet_test_sj/brain_test20.h5,0.9822945
318,result/JB/VarNet/reconstructions_forward/VarNet_test_sj/brain_test20.h5,0.984184
319,result/JB/VarNet/reconstructions_forward/VarNet_test_sj/brain_test20.h5,0.9868451
320,result/JB/VarNet/reconstructions_forward/VarNet_test_sj/brain_test21.h5,0.9659095
321,result/JB/VarNet/reconstructions_forward/VarNet_test_sj/brain_test21.h5,0.9699909
322,result/JB/VarNet/reconstructions_forward/VarNet_test_sj/brain_test21.h5,0.9695753
323,result/JB/VarNet/reconstructions_forward/VarNet_test_sj/brain_test21.h5,0.9700974
324,result/JB/VarNet/reconstructions_forward/VarNet_test_sj/brain_test21.h5,0.97009593
325,result/JB/VarNet/reconstructions_forward/VarNet_test_sj/brain_test21.h5,0.9713329
326,result/JB/VarNet/reconstructions_forward/VarNet_test_sj/brain_test21.h5,0.97146297
327,result/JB/VarNet/reconstructions_forward/VarNet_test_sj/brain_test21.h5,0.97442406
328,result/JB/VarNet/reconstructions_forward/VarNet_test_sj/brain_test21.h5,0.9747577
329,result/JB/VarNet/reconstructions_forward/VarNet_test_sj/brain_test21.h5,0.9758342
330,result/JB/VarNet/reconstructions_forward/VarNet_test_sj/brain_test21.h5,0.9768141
331,result/JB/VarNet/reconstructions_forward/VarNet_test_sj/brain_test21.h5,0.9806517
332,result/JB/VarNet/reconstructions_forward/VarNet_test_sj/brain_test21.h5,0.98196656
333,result/JB/VarNet/reconstructions_forward/VarNet_test_sj/brain_test21.h5,0.98880374
334,result/JB/VarNet/reconstructions_forward/VarNet_test_sj/brain_test21.h5,0.992992
335,result/JB/VarNet/reconstructions_forward/VarNet_test_sj/brain_test21.h5,0.99815506
336,result/JB/VarNet/reconstructions_forward/VarNet_test_sj/brain_test22.h5,0.96705073
337,result/JB/VarNet/reconstructions_forward/VarNet_test_sj/brain_test22.h5,0.9712088
338,result/JB/VarNet/reconstructions_forward/VarNet_test_sj/brain_test22.h5,0.97508967
339,result/JB/VarNet/reconstructions_forward/VarNet_test_sj/brain_test22.h5,0.9758025
340,result/JB/VarNet/reconstructions_forward/VarNet_test_sj/brain_test22.h5,0.97634494
341,result/JB/VarNet/reconstructions_forward/VarNet_test_sj/brain_test22.h5,0.9775987
342,result/JB/VarNet/reconstructions_forward/VarNet_test_sj/brain_test22.h5,0.97881526
343,result/JB/VarNet/reconstructions_forward/VarNet_test_sj/brain_test22.h5,0.978933
344,result/JB/VarNet/reconstructions_forward/VarNet_test_sj/brain_test22.h5,0.9801635
345,result/JB/VarNet/reconstructions_forward/VarNet_test_sj/brain_test22.h5,0.98152596
346,result/JB/VarNet/reconstructions_forward/VarNet_test_sj/brain_test22.h5,0.98281544
347,result/JB/VarNet/reconstructions_forward/VarNet_test_sj/brain_test22.h5,0.98450106
348,result/JB/VarNet/reconstructions_forward/VarNet_test_sj/brain_test22.h5,0.98791677
349,result/JB/VarNet/reconstructions_forward/VarNet_test_sj/brain_test22.h5,0.99044734
350,result/JB/VarNet/reconstructions_forward/VarNet_test_sj/brain_test22.h5,0.9953979
351,result/JB/VarNet/reconstructions_forward/VarNet_test_sj/brain_test22.h5,0.9978296
352,result/JB/VarNet/reconstructions_forward/VarNet_test_sj/brain_test23.h5,0.97162646
353,result/JB/VarNet/reconstructions_forward/VarNet_test_sj/brain_test23.h5,0.9733204
354,result/JB/VarNet/reconstructions_forward/VarNet_test_sj/brain_test23.h5,0.97421134
355,result/JB/VarNet/reconstructions_forward/VarNet_test_sj/brain_test23.h5,0.9771893
356,result/JB/VarNet/reconstructions_forward/VarNet_test_sj/brain_test23.h5,0.97780246
357,result/JB/VarNet/reconstructions_forward/VarNet_test_sj/brain_test23.h5,0.9772129
358,result/JB/VarNet/reconstructions_forward/VarNet_test_sj/brain_test23.h5,0.97805023
359,result/JB/VarNet/reconstructions_forward/VarNet_test_sj/brain_test23.h5,0.97958785
360,result/JB/VarNet/reconstructions_forward/VarNet_test_sj/brain_test23.h5,0.98051107
361,result/JB/VarNet/reconstructions_forward/VarNet_test_sj/brain_test23.h5,0.980699
362,result/JB/VarNet/reconstructions_forward/VarNet_test_sj/brain_test23.h5,0.9818899
363,result/JB/VarNet/reconstructions_forward/VarNet_test_sj/brain_test23.h5,0.9815346
364,result/JB/VarNet/reconstructions_forward/VarNet_test_sj/brain_test23.h5,0.9829842
365,result/JB/VarNet/reconstructions_forward/VarNet_test_sj/brain_test23.h5,0.9861952
366,result/JB/VarNet/reconstructions_forward/VarNet_test_sj/brain_test23.h5,0.9889804
367,result/JB/VarNet/reconstructions_forward/VarNet_test_sj/brain_test23.h5,0.99271
368,result/JB/VarNet/reconstructions_forward/VarNet_test_sj/brain_test24.h5,0.92498195
369,result/JB/VarNet/reconstructions_forward/VarNet_test_sj/brain_test24.h5,0.93043053
370,result/JB/VarNet/reconstructions_forward/VarNet_test_sj/brain_test24.h5,0.9370505
371,result/JB/VarNet/reconstructions_forward/VarNet_test_sj/brain_test24.h5,0.9377677
372,result/JB/VarNet/reconstructions_forward/VarNet_test_sj/brain_test24.h5,0.9417422
373,result/JB/VarNet/reconstructions_forward/VarNet_test_sj/brain_test24.h5,0.9456981
374,result/JB/VarNet/reconstructions_forward/VarNet_test_sj/brain_test24.h5,0.9507927
375,result/JB/VarNet/reconstructions_forward/VarNet_test_sj/brain_test24.h5,0.9555107
376,result/JB/VarNet/reconstructions_forward/VarNet_test_sj/brain_test24.h5,0.9586539
377,result/JB/VarNet/reconstructions_forward/VarNet_test_sj/brain_test24.h5,0.9639522
378,result/JB/VarNet/reconstructions_forward/VarNet_test_sj/brain_test24.h5,0.9674657
379,result/JB/VarNet/reconstructions_forward/VarNet_test_sj/brain_test24.h5,0.9712368
380,result/JB/VarNet/reconstructions_forward/VarNet_test_sj/brain_test24.h5,0.97519827
381,result/JB/VarNet/reconstructions_forward/VarNet_test_sj/brain_test24.h5,0.97515005
382,result/JB/VarNet/reconstructions_forward/VarNet_test_sj/brain_test24.h5,0.9788662
383,result/JB/VarNet/reconstructions_forward/VarNet_test_sj/brain_test24.h5,0.9860797
384,result/JB/VarNet/reconstructions_forward/VarNet_test_sj/brain_test25.h5,0.97224814
385,result/JB/VarNet/reconstructions_forward/VarNet_test_sj/brain_test25.h5,0.97346896
386,result/JB/VarNet/reconstructions_forward/VarNet_test_sj/brain_test25.h5,0.97382665
387,result/JB/VarNet/reconstructions_forward/VarNet_test_sj/brain_test25.h5,0.9736158
388,result/JB/VarNet/reconstructions_forward/VarNet_test_sj/brain_test25.h5,0.97352934
389,result/JB/VarNet/reconstructions_forward/VarNet_test_sj/brain_test25.h5,0.974387
390,result/JB/VarNet/reconstructions_forward/VarNet_test_sj/brain_test25.h5,0.9758097
391,result/JB/VarNet/reconstructions_forward/VarNet_test_sj/brain_test25.h5,0.9761785
392,result/JB/VarNet/reconstructions_forward/VarNet_test_sj/brain_test25.h5,0.9764965
393,result/JB/VarNet/reconstructions_forward/VarNet_test_sj/brain_test25.h5,0.97857845
394,result/JB/VarNet/reconstructions_forward/VarNet_test_sj/brain_test25.h5,0.98218244
395,result/JB/VarNet/reconstructions_forward/VarNet_test_sj/brain_test25.h5,0.98505133
396,result/JB/VarNet/reconstructions_forward/VarNet_test_sj/brain_test25.h5,0.9872701
397,result/JB/VarNet/reconstructions_forward/VarNet_test_sj/brain_test25.h5,0.99147385
398,result/JB/VarNet/reconstructions_forward/VarNet_test_sj/brain_test25.h5,0.9953512
399,result/JB/VarNet/reconstructions_forward/VarNet_test_sj/brain_test25.h5,0.99870086
400,result/JB/VarNet/reconstructions_forward/VarNet_test_sj/brain_test26.h5,0.9693162
401,result/JB/VarNet/reconstructions_forward/VarNet_test_sj/brain_test26.h5,0.97085875
402,result/JB/VarNet/reconstructions_forward/VarNet_test_sj/brain_test26.h5,0.9713479
403,result/JB/VarNet/reconstructions_forward/VarNet_test_sj/brain_test26.h5,0.97229993
404,result/JB/VarNet/reconstructions_forward/VarNet_test_sj/brain_test26.h5,0.9743487
405,result/JB/VarNet/reconstructions_forward/VarNet_test_sj/brain_test26.h5,0.97407806
406,result/JB/VarNet/reconstructions_forward/VarNet_test_sj/brain_test26.h5,0.97480273
407,result/JB/VarNet/reconstructions_forward/VarNet_test_sj/brain_test26.h5,0.9781215
408,result/JB/VarNet/reconstructions_forward/VarNet_test_sj/brain_test26.h5,0.9789196
409,result/JB/VarNet/reconstructions_forward/VarNet_test_sj/brain_test26.h5,0.9769651
410,result/JB/VarNet/reconstructions_forward/VarNet_test_sj/brain_test26.h5,0.97909886
411,result/JB/VarNet/reconstructions_forward/VarNet_test_sj/brain_test26.h5,0.98268294
412,result/JB/VarNet/reconstructions_forward/VarNet_test_sj/brain_test26.h5,0.9876194
413,result/JB/VarNet/reconstructions_forward/VarNet_test_sj/brain_test26.h5,0.9907998
414,result/JB/VarNet/reconstructions_forward/VarNet_test_sj/brain_test26.h5,0.9947798
415,result/JB/VarNet/reconstructions_forward/VarNet_test_sj/brain_test26.h5,0.99789804
416,result/JB/VarNet/reconstructions_forward/VarNet_test_sj/brain_test27.h5,0.9688016
417,result/JB/VarNet/reconstructions_forward/VarNet_test_sj/brain_test27.h5,0.9699081
418,result/JB/VarNet/reconstructions_forward/VarNet_test_sj/brain_test27.h5,0.9718444
419,result/JB/VarNet/reconstructions_forward/VarNet_test_sj/brain_test27.h5,0.97319645
420,result/JB/VarNet/reconstructions_forward/VarNet_test_sj/brain_test27.h5,0.9737013
421,result/JB/VarNet/reconstructions_forward/VarNet_test_sj/brain_test27.h5,0.9742223
422,result/JB/VarNet/reconstructions_forward/VarNet_test_sj/brain_test27.h5,0.97326696
423,result/JB/VarNet/reconstructions_forward/VarNet_test_sj/brain_test27.h5,0.9751491
424,result/JB/VarNet/reconstructions_forward/VarNet_test_sj/brain_test27.h5,0.9783001
425,result/JB/VarNet/reconstructions_forward/VarNet_test_sj/brain_test27.h5,0.9788514
426,result/JB/VarNet/reconstructions_forward/VarNet_test_sj/brain_test27.h5,0.9787722
427,result/JB/VarNet/reconstructions_forward/VarNet_test_sj/brain_test27.h5,0.98103505
428,result/JB/VarNet/reconstructions_forward/VarNet_test_sj/brain_test27.h5,0.9832437
429,result/JB/VarNet/reconstructions_forward/VarNet_test_sj/brain_test27.h5,0.9910418
430,result/JB/VarNet/reconstructions_forward/VarNet_test_sj/brain_test27.h5,0.9953052
431,result/JB/VarNet/reconstructions_forward/VarNet_test_sj/brain_test27.h5,0.99999154
432,result/JB/VarNet/reconstructions_forward/VarNet_test_sj/brain_test28.h5,0.94855624
433,result/JB/VarNet/reconstructions_forward/VarNet_test_sj/brain_test28.h5,0.9533995
434,result/JB/VarNet/reconstructions_forward/VarNet_test_sj/brain_test28.h5,0.95703197
435,result/JB/VarNet/reconstructions_forward/VarNet_test_sj/brain_test28.h5,0.9645841
436,result/JB/VarNet/reconstructions_forward/VarNet_test_sj/brain_test28.h5,0.9645302
437,result/JB/VarNet/reconstructions_forward/VarNet_test_sj/brain_test28.h5,0.9707293
438,result/JB/VarNet/reconstructions_forward/VarNet_test_sj/brain_test28.h5,0.97101545
439,result/JB/VarNet/reconstructions_forward/VarNet_test_sj/brain_test28.h5,0.9742932
440,result/JB/VarNet/reconstructions_forward/VarNet_test_sj/brain_test28.h5,0.97561777
441,result/JB/VarNet/reconstructions_forward/VarNet_test_sj/brain_test28.h5,0.97771996
442,result/JB/VarNet/reconstructions_forward/VarNet_test_sj/brain_test28.h5,0.97879374
443,result/JB/VarNet/reconstructions_forward/VarNet_test_sj/brain_test28.h5,0.9797001
444,result/JB/VarNet/reconstructions_forward/VarNet_test_sj/brain_test28.h5,0.9828187
445,result/JB/VarNet/reconstructions_forward/VarNet_test_sj/brain_test28.h5,0.9829362
446,result/JB/VarNet/reconstructions_forward/VarNet_test_sj/brain_test28.h5,0.98579437
447,result/JB/VarNet/reconstructions_forward/VarNet_test_sj/brain_test28.h5,0.9905421
448,result/JB/VarNet/reconstructions_forward/VarNet_test_sj/brain_test29.h5,0.9492019
449,result/JB/VarNet/reconstructions_forward/VarNet_test_sj/brain_test29.h5,0.944444
450,result/JB/VarNet/reconstructions_forward/VarNet_test_sj/brain_test29.h5,0.953788
451,result/JB/VarNet/reconstructions_forward/VarNet_test_sj/brain_test29.h5,0.95423156
452,result/JB/VarNet/reconstructions_forward/VarNet_test_sj/brain_test29.h5,0.95790714
453,result/JB/VarNet/reconstructions_forward/VarNet_test_sj/brain_test29.h5,0.96209586
454,result/JB/VarNet/reconstructions_forward/VarNet_test_sj/brain_test29.h5,0.9659362
455,result/JB/VarNet/reconstructions_forward/VarNet_test_sj/brain_test29.h5,0.9679424
456,result/JB/VarNet/reconstructions_forward/VarNet_test_sj/brain_test29.h5,0.97070426
457,result/JB/VarNet/reconstructions_forward/VarNet_test_sj/brain_test29.h5,0.9723489
458,result/JB/VarNet/reconstructions_forward/VarNet_test_sj/brain_test29.h5,0.9735898
459,result/JB/VarNet/reconstructions_forward/VarNet_test_sj/brain_test29.h5,0.97762465
460,result/JB/VarNet/reconstructions_forward/VarNet_test_sj/brain_test29.h5,0.97869927
461,result/JB/VarNet/reconstructions_forward/VarNet_test_sj/brain_test29.h5,0.9836251
462,result/JB/VarNet/reconstructions_forward/VarNet_test_sj/brain_test29.h5,0.98854846
463,result/JB/VarNet/reconstructions_forward/VarNet_test_sj/brain_test29.h5,0.9898369
464,result/JB/VarNet/reconstructions_forward/VarNet_test_sj/brain_test30.h5,0.95014715
465,result/JB/VarNet/reconstructions_forward/VarNet_test_sj/brain_test30.h5,0.9486656
466,result/JB/VarNet/reconstructions_forward/VarNet_test_sj/brain_test30.h5,0.9452178
467,result/JB/VarNet/reconstructions_forward/VarNet_test_sj/brain_test30.h5,0.94175017
468,result/JB/VarNet/reconstructions_forward/VarNet_test_sj/brain_test30.h5,0.9540275
469,result/JB/VarNet/reconstructions_forward/VarNet_test_sj/brain_test30.h5,0.9578503
470,result/JB/VarNet/reconstructions_forward/VarNet_test_sj/brain_test30.h5,0.96505684
471,result/JB/VarNet/reconstructions_forward/VarNet_test_sj/brain_test30.h5,0.9653901
472,result/JB/VarNet/reconstructions_forward/VarNet_test_sj/brain_test30.h5,0.97252333
473,result/JB/VarNet/reconstructions_forward/VarNet_test_sj/brain_test30.h5,0.9717976
474,result/JB/VarNet/reconstructions_forward/VarNet_test_sj/brain_test30.h5,0.97434914
475,result/JB/VarNet/reconstructions_forward/VarNet_test_sj/brain_test30.h5,0.97597057
476,result/JB/VarNet/reconstructions_forward/VarNet_test_sj/brain_test30.h5,0.9744701
477,result/JB/VarNet/reconstructions_forward/VarNet_test_sj/brain_test30.h5,0.9824032
478,result/JB/VarNet/reconstructions_forward/VarNet_test_sj/brain_test30.h5,0.9869698
479,result/JB/VarNet/reconstructions_forward/VarNet_test_sj/brain_test30.h5,0.9950358
480,result/JB/VarNet/reconstructions_forward/VarNet_test_sj/brain_test31.h5,0.95297736
481,result/JB/VarNet/reconstructions_forward/VarNet_test_sj/brain_test31.h5,0.9586548
482,result/JB/VarNet/reconstructions_forward/VarNet_test_sj/brain_test31.h5,0.96040064
483,result/JB/VarNet/reconstructions_forward/VarNet_test_sj/brain_test31.h5,0.96763796
484,result/JB/VarNet/reconstructions_forward/VarNet_test_sj/brain_test31.h5,0.9723628
485,result/JB/VarNet/reconstructions_forward/VarNet_test_sj/brain_test31.h5,0.97658235
486,result/JB/VarNet/reconstructions_forward/VarNet_test_sj/brain_test31.h5,0.9782716
487,result/JB/VarNet/reconstructions_forward/VarNet_test_sj/brain_test31.h5,0.98092973
488,result/JB/VarNet/reconstructions_forward/VarNet_test_sj/brain_test31.h5,0.97944725
489,result/JB/VarNet/reconstructions_forward/VarNet_test_sj/brain_test31.h5,0.981944
490,result/JB/VarNet/reconstructions_forward/VarNet_test_sj/brain_test31.h5,0.9819351
491,result/JB/VarNet/reconstructions_forward/VarNet_test_sj/brain_test31.h5,0.9816796
492,result/JB/VarNet/reconstructions_forward/VarNet_test_sj/brain_test31.h5,0.98369586
493,result/JB/VarNet/reconstructions_forward/VarNet_test_sj/brain_test31.h5,0.9869525
494,result/JB/VarNet/reconstructions_forward/VarNet_test_sj/brain_test31.h5,0.9877229
495,result/JB/VarNet/reconstructions_forward/VarNet_test_sj/brain_test31.h5,0.9931459
496,result/JB/VarNet/reconstructions_forward/VarNet_test_sj/brain_test32.h5,0.94057184
497,result/JB/VarNet/reconstructions_forward/VarNet_test_sj/brain_test32.h5,0.9346959
498,result/JB/VarNet/reconstructions_forward/VarNet_test_sj/brain_test32.h5,0.9400484
499,result/JB/VarNet/reconstructions_forward/VarNet_test_sj/brain_test32.h5,0.9404487
500,result/JB/VarNet/reconstructions_forward/VarNet_test_sj/brain_test32.h5,0.9472837
501,result/JB/VarNet/reconstructions_forward/VarNet_test_sj/brain_test32.h5,0.9516925
502,result/JB/VarNet/reconstructions_forward/VarNet_test_sj/brain_test32.h5,0.95943165
503,result/JB/VarNet/reconstructions_forward/VarNet_test_sj/brain_test32.h5,0.962135
504,result/JB/VarNet/reconstructions_forward/VarNet_test_sj/brain_test32.h5,0.96825546
505,result/JB/VarNet/reconstructions_forward/VarNet_test_sj/brain_test32.h5,0.96746355
506,result/JB/VarNet/reconstructions_forward/VarNet_test_sj/brain_test32.h5,0.9684652
507,result/JB/VarNet/reconstructions_forward/VarNet_test_sj/brain_test32.h5,0.96877754
508,result/JB/VarNet/reconstructions_forward/VarNet_test_sj/brain_test32.h5,0.9747557
509,result/JB/VarNet/reconstructions_forward/VarNet_test_sj/brain_test32.h5,0.97561306
510,result/JB/VarNet/reconstructions_forward/VarNet_test_sj/brain_test32.h5,0.9783504
511,result/JB/VarNet/reconstructions_forward/VarNet_test_sj/brain_test32.h5,0.97728145
512,result/JB/VarNet/reconstructions_forward/VarNet_test_sj/brain_test33.h5,0.9728143
513,result/JB/VarNet/reconstructions_forward/VarNet_test_sj/brain_test33.h5,0.9734426
514,result/JB/VarNet/reconstructions_forward/VarNet_test_sj/brain_test33.h5,0.97527593
515,result/JB/VarNet/reconstructions_forward/VarNet_test_sj/brain_test33.h5,0.97708607
516,result/JB/VarNet/reconstructions_forward/VarNet_test_sj/brain_test33.h5,0.97756994
517,result/JB/VarNet/reconstructions_forward/VarNet_test_sj/brain_test33.h5,0.9769967
518,result/JB/VarNet/reconstructions_forward/VarNet_test_sj/brain_test33.h5,0.97600627
519,result/JB/VarNet/reconstructions_forward/VarNet_test_sj/brain_test33.h5,0.978084
520,result/JB/VarNet/reconstructions_forward/VarNet_test_sj/brain_test33.h5,0.9810771
521,result/JB/VarNet/reconstructions_forward/VarNet_test_sj/brain_test33.h5,0.9812681
522,result/JB/VarNet/reconstructions_forward/VarNet_test_sj/brain_test33.h5,0.9833559
523,result/JB/VarNet/reconstructions_forward/VarNet_test_sj/brain_test33.h5,0.98551553
524,result/JB/VarNet/reconstructions_forward/VarNet_test_sj/brain_test33.h5,0.9880854
525,result/JB/VarNet/reconstructions_forward/VarNet_test_sj/brain_test33.h5,0.9922556
526,result/JB/VarNet/reconstructions_forward/VarNet_test_sj/brain_test33.h5,0.9963177
527,result/JB/VarNet/reconstructions_forward/VarNet_test_sj/brain_test33.h5,0.9984231
528,result/JB/VarNet/reconstructions_forward/VarNet_test_sj/brain_test34.h5,0.96609956
529,result/JB/VarNet/reconstructions_forward/VarNet_test_sj/brain_test34.h5,0.9684207
530,result/JB/VarNet/reconstructions_forward/VarNet_test_sj/brain_test34.h5,0.97092515
531,result/JB/VarNet/reconstructions_forward/VarNet_test_sj/brain_test34.h5,0.97274524
532,result/JB/VarNet/reconstructions_forward/VarNet_test_sj/brain_test34.h5,0.971531
533,result/JB/VarNet/reconstructions_forward/VarNet_test_sj/brain_test34.h5,0.9736026
534,result/JB/VarNet/reconstructions_forward/VarNet_test_sj/brain_test34.h5,0.97578275
535,result/JB/VarNet/reconstructions_forward/VarNet_test_sj/brain_test34.h5,0.9728197
536,result/JB/VarNet/reconstructions_forward/VarNet_test_sj/brain_test34.h5,0.97477245
537,result/JB/VarNet/reconstructions_forward/VarNet_test_sj/brain_test34.h5,0.9766781
538,result/JB/VarNet/reconstructions_forward/VarNet_test_sj/brain_test34.h5,0.9786317
539,result/JB/VarNet/reconstructions_forward/VarNet_test_sj/brain_test34.h5,0.98070025
540,result/JB/VarNet/reconstructions_forward/VarNet_test_sj/brain_test34.h5,0.98440284
541,result/JB/VarNet/reconstructions_forward/VarNet_test_sj/brain_test34.h5,0.98867685
542,result/JB/VarNet/reconstructions_forward/VarNet_test_sj/brain_test34.h5,0.99367404
543,result/JB/VarNet/reconstructions_forward/VarNet_test_sj/brain_test34.h5,0.99731684
544,result/JB/VarNet/reconstructions_forward/VarNet_test_sj/brain_test35.h5,0.9648213
545,result/JB/VarNet/reconstructions_forward/VarNet_test_sj/brain_test35.h5,0.9666623
546,result/JB/VarNet/reconstructions_forward/VarNet_test_sj/brain_test35.h5,0.9681415
547,result/JB/VarNet/reconstructions_forward/VarNet_test_sj/brain_test35.h5,0.972185
548,result/JB/VarNet/reconstructions_forward/VarNet_test_sj/brain_test35.h5,0.9732967
549,result/JB/VarNet/reconstructions_forward/VarNet_test_sj/brain_test35.h5,0.9739439
550,result/JB/VarNet/reconstructions_forward/VarNet_test_sj/brain_test35.h5,0.9733846
551,result/JB/VarNet/reconstructions_forward/VarNet_test_sj/brain_test35.h5,0.97540134
552,result/JB/VarNet/reconstructions_forward/VarNet_test_sj/brain_test35.h5,0.9746375
553,result/JB/VarNet/reconstructions_forward/VarNet_test_sj/brain_test35.h5,0.97686297
554,result/JB/VarNet/reconstructions_forward/VarNet_test_sj/brain_test35.h5,0.9786178
555,result/JB/VarNet/reconstructions_forward/VarNet_test_sj/brain_test35.h5,0.98100334
556,result/JB/VarNet/reconstructions_forward/VarNet_test_sj/brain_test35.h5,0.9839555
557,result/JB/VarNet/reconstructions_forward/VarNet_test_sj/brain_test35.h5,0.9863944
558,result/JB/VarNet/reconstructions_forward/VarNet_test_sj/brain_test35.h5,0.99341935
559,result/JB/VarNet/reconstructions_forward/VarNet_test_sj/brain_test35.h5,0.9984167
560,result/JB/VarNet/reconstructions_forward/VarNet_test_sj/brain_test36.h5,0.9536609
561,result/JB/VarNet/reconstructions_forward/VarNet_test_sj/brain_test36.h5,0.9497455
562,result/JB/VarNet/reconstructions_forward/VarNet_test_sj/brain_test36.h5,0.94678
563,result/JB/VarNet/reconstructions_forward/VarNet_test_sj/brain_test36.h5,0.9509807
564,result/JB/VarNet/reconstructions_forward/VarNet_test_sj/brain_test36.h5,0.9585154
565,result/JB/VarNet/reconstructions_forward/VarNet_test_sj/brain_test36.h5,0.96482253
566,result/JB/VarNet/reconstructions_forward/VarNet_test_sj/brain_test36.h5,0.96631706
567,result/JB/VarNet/reconstructions_forward/VarNet_test_sj/brain_test36.h5,0.9714534
568,result/JB/VarNet/reconstructions_forward/VarNet_test_sj/brain_test36.h5,0.97213787
569,result/JB/VarNet/reconstructions_forward/VarNet_test_sj/brain_test36.h5,0.96944845
570,result/JB/VarNet/reconstructions_forward/VarNet_test_sj/brain_test36.h5,0.9704443
571,result/JB/VarNet/reconstructions_forward/VarNet_test_sj/brain_test36.h5,0.9732825
572,result/JB/VarNet/reconstructions_forward/VarNet_test_sj/brain_test36.h5,0.97842765
573,result/JB/VarNet/reconstructions_forward/VarNet_test_sj/brain_test36.h5,0.9769616
574,result/JB/VarNet/reconstructions_forward/VarNet_test_sj/brain_test36.h5,0.9807083
575,result/JB/VarNet/reconstructions_forward/VarNet_test_sj/brain_test36.h5,0.98785406
576,result/JB/VarNet/reconstructions_forward/VarNet_test_sj/brain_test37.h5,0.9388634
577,result/JB/VarNet/reconstructions_forward/VarNet_test_sj/brain_test37.h5,0.94550604
578,result/JB/VarNet/reconstructions_forward/VarNet_test_sj/brain_test37.h5,0.94991434
579,result/JB/VarNet/reconstructions_forward/VarNet_test_sj/brain_test37.h5,0.9604973
580,result/JB/VarNet/reconstructions_forward/VarNet_test_sj/brain_test37.h5,0.9618895
581,result/JB/VarNet/reconstructions_forward/VarNet_test_sj/brain_test37.h5,0.96645594
582,result/JB/VarNet/reconstructions_forward/VarNet_test_sj/brain_test37.h5,0.9680408
583,result/JB/VarNet/reconstructions_forward/VarNet_test_sj/brain_test37.h5,0.97181684
584,result/JB/VarNet/reconstructions_forward/VarNet_test_sj/brain_test37.h5,0.97192127
585,result/JB/VarNet/reconstructions_forward/VarNet_test_sj/brain_test37.h5,0.97504866
586,result/JB/VarNet/reconstructions_forward/VarNet_test_sj/brain_test37.h5,0.9732477
587,result/JB/VarNet/reconstructions_forward/VarNet_test_sj/brain_test37.h5,0.97731143
588,result/JB/VarNet/reconstructions_forward/VarNet_test_sj/brain_test37.h5,0.98053664
589,result/JB/VarNet/reconstructions_forward/VarNet_test_sj/brain_test37.h5,0.98337525
590,result/JB/VarNet/reconstructions_forward/VarNet_test_sj/brain_test37.h5,0.9859712
591,result/JB/VarNet/reconstructions_forward/VarNet_test_sj/brain_test37.h5,0.99070877
592,result/JB/VarNet/reconstructions_forward/VarNet_test_sj/brain_test38.h5,0.9737893
593,result/JB/VarNet/reconstructions_forward/VarNet_test_sj/brain_test38.h5,0.9741166
594,result/JB/VarNet/reconstructions_forward/VarNet_test_sj/brain_test38.h5,0.975871
595,result/JB/VarNet/reconstructions_forward/VarNet_test_sj/brain_test38.h5,0.9774891
596,result/JB/VarNet/reconstructions_forward/VarNet_test_sj/brain_test38.h5,0.97754633
597,result/JB/VarNet/reconstructions_forward/VarNet_test_sj/brain_test38.h5,0.98014057
598,result/JB/VarNet/reconstructions_forward/VarNet_test_sj/brain_test38.h5,0.97877955
599,result/JB/VarNet/reconstructions_forward/VarNet_test_sj/brain_test38.h5,0.9809592
600,result/JB/VarNet/reconstructions_forward/VarNet_test_sj/brain_test38.h5,0.9809559
601,result/JB/VarNet/reconstructions_forward/VarNet_test_sj/brain_test38.h5,0.9842525
602,result/JB/VarNet/reconstructions_forward/VarNet_test_sj/brain_test38.h5,0.98432934
603,result/JB/VarNet/reconstructions_forward/VarNet_test_sj/brain_test38.h5,0.98596346
604,result/JB/VarNet/reconstructions_forward/VarNet_test_sj/brain_test38.h5,0.9884465
605,result/JB/VarNet/reconstructions_forward/VarNet_test_sj/brain_test38.h5,0.99165416
606,result/JB/VarNet/reconstructions_forward/VarNet_test_sj/brain_test38.h5,0.99526966
607,result/JB/VarNet/reconstructions_forward/VarNet_test_sj/brain_test38.h5,0.99802506
608,result/JB/VarNet/reconstructions_forward/VarNet_test_sj/brain_test39.h5,0.9377986
609,result/JB/VarNet/reconstructions_forward/VarNet_test_sj/brain_test39.h5,0.93629193
610,result/JB/VarNet/reconstructions_forward/VarNet_test_sj/brain_test39.h5,0.9498457
611,result/JB/VarNet/reconstructions_forward/VarNet_test_sj/brain_test39.h5,0.954308
612,result/JB/VarNet/reconstructions_forward/VarNet_test_sj/brain_test39.h5,0.96089506
613,result/JB/VarNet/reconstructions_forward/VarNet_test_sj/brain_test39.h5,0.9676276
614,result/JB/VarNet/reconstructions_forward/VarNet_test_sj/brain_test39.h5,0.97083765
615,result/JB/VarNet/reconstructions_forward/VarNet_test_sj/brain_test39.h5,0.97365814
616,result/JB/VarNet/reconstructions_forward/VarNet_test_sj/brain_test39.h5,0.97522944
617,result/JB/VarNet/reconstructions_forward/VarNet_test_sj/brain_test39.h5,0.9760145
618,result/JB/VarNet/reconstructions_forward/VarNet_test_sj/brain_test39.h5,0.9786288
619,result/JB/VarNet/reconstructions_forward/VarNet_test_sj/brain_test39.h5,0.98026335
620,result/JB/VarNet/reconstructions_forward/VarNet_test_sj/brain_test39.h5,0.98108494
621,result/JB/VarNet/reconstructions_forward/VarNet_test_sj/brain_test39.h5,0.98144865
622,result/JB/VarNet/reconstructions_forward/VarNet_test_sj/brain_test39.h5,0.9831799
623,result/JB/VarNet/reconstructions_forward/VarNet_test_sj/brain_test39.h5,0.99049336
624,result/JB/VarNet/reconstructions_forward/VarNet_test_sj/brain_test40.h5,0.9531299
625,result/JB/VarNet/reconstructions_forward/VarNet_test_sj/brain_test40.h5,0.95273197
626,result/JB/VarNet/reconstructions_forward/VarNet_test_sj/brain_test40.h5,0.9546195
627,result/JB/VarNet/reconstructions_forward/VarNet_test_sj/brain_test40.h5,0.9588337
628,result/JB/VarNet/reconstructions_forward/VarNet_test_sj/brain_test40.h5,0.96361953
629,result/JB/VarNet/reconstructions_forward/VarNet_test_sj/brain_test40.h5,0.9649534
630,result/JB/VarNet/reconstructions_forward/VarNet_test_sj/brain_test40.h5,0.96554863
631,result/JB/VarNet/reconstructions_forward/VarNet_test_sj/brain_test40.h5,0.9708801
632,result/JB/VarNet/reconstructions_forward/VarNet_test_sj/brain_test40.h5,0.97243917
633,result/JB/VarNet/reconstructions_forward/VarNet_test_sj/brain_test40.h5,0.9721652
634,result/JB/VarNet/reconstructions_forward/VarNet_test_sj/brain_test40.h5,0.9729314
635,result/JB/VarNet/reconstructions_forward/VarNet_test_sj/brain_test40.h5,0.97761226
636,result/JB/VarNet/reconstructions_forward/VarNet_test_sj/brain_test40.h5,0.977069
637,result/JB/VarNet/reconstructions_forward/VarNet_test_sj/brain_test40.h5,0.9823751
638,result/JB/VarNet/reconstructions_forward/VarNet_test_sj/brain_test40.h5,0.9853795
639,result/JB/VarNet/reconstructions_forward/VarNet_test_sj/brain_test40.h5,0.99141574
640,result/JB/VarNet/reconstructions_forward/VarNet_test_sj/brain_test41.h5,0.9474053
641,result/JB/VarNet/reconstructions_forward/VarNet_test_sj/brain_test41.h5,0.9477863
642,result/JB/VarNet/reconstructions_forward/VarNet_test_sj/brain_test41.h5,0.9498788
643,result/JB/VarNet/reconstructions_forward/VarNet_test_sj/brain_test41.h5,0.9567543
644,result/JB/VarNet/reconstructions_forward/VarNet_test_sj/brain_test41.h5,0.9637341
645,result/JB/VarNet/reconstructions_forward/VarNet_test_sj/brain_test41.h5,0.9696724
646,result/JB/VarNet/reconstructions_forward/VarNet_test_sj/brain_test41.h5,0.9696399
647,result/JB/VarNet/reconstructions_forward/VarNet_test_sj/brain_test41.h5,0.97434616
648,result/JB/VarNet/reconstructions_forward/VarNet_test_sj/brain_test41.h5,0.9756567
649,result/JB/VarNet/reconstructions_forward/VarNet_test_sj/brain_test41.h5,0.9745973
650,result/JB/VarNet/reconstructions_forward/VarNet_test_sj/brain_test41.h5,0.9748022
651,result/JB/VarNet/reconstructions_forward/VarNet_test_sj/brain_test41.h5,0.97975856
652,result/JB/VarNet/reconstructions_forward/VarNet_test_sj/brain_test41.h5,0.9810637
653,result/JB/VarNet/reconstructions_forward/VarNet_test_sj/brain_test41.h5,0.9825364
654,result/JB/VarNet/reconstructions_forward/VarNet_test_sj/brain_test41.h5,0.989805
655,result/JB/VarNet/reconstructions_forward/VarNet_test_sj/brain_test41.h5,0.99508643
656,result/JB/VarNet/reconstructions_forward/VarNet_test_sj/brain_test42.h5,0.9802661
657,result/JB/VarNet/reconstructions_forward/VarNet_test_sj/brain_test42.h5,0.9813146
658,result/JB/VarNet/reconstructions_forward/VarNet_test_sj/brain_test42.h5,0.9811794
659,result/JB/VarNet/reconstructions_forward/VarNet_test_sj/brain_test42.h5,0.98133385
660,result/JB/VarNet/reconstructions_forward/VarNet_test_sj/brain_test42.h5,0.98114616
661,result/JB/VarNet/reconstructions_forward/VarNet_test_sj/brain_test42.h5,0.98151207
662,result/JB/VarNet/reconstructions_forward/VarNet_test_sj/brain_test42.h5,0.98117846
663,result/JB/VarNet/reconstructions_forward/VarNet_test_sj/brain_test42.h5,0.9818574
664,result/JB/VarNet/reconstructions_forward/VarNet_test_sj/brain_test42.h5,0.98190814
665,result/JB/VarNet/reconstructions_forward/VarNet_test_sj/brain_test42.h5,0.98395437
666,result/JB/VarNet/reconstructions_forward/VarNet_test_sj/brain_test42.h5,0.9857371
667,result/JB/VarNet/reconstructions_forward/VarNet_test_sj/brain_test42.h5,0.9884901
668,result/JB/VarNet/reconstructions_forward/VarNet_test_sj/brain_test42.h5,0.9907026
669,result/JB/VarNet/reconstructions_forward/VarNet_test_sj/brain_test42.h5,0.9935103
670,result/JB/VarNet/reconstructions_forward/VarNet_test_sj/brain_test42.h5,0.9942673
671,result/JB/VarNet/reconstructions_forward/VarNet_test_sj/brain_test42.h5,0.9980514
672,result/JB/VarNet/reconstructions_forward/VarNet_test_sj/brain_test43.h5,0.9470205
673,result/JB/VarNet/reconstructions_forward/VarNet_test_sj/brain_test43.h5,0.9528483
674,result/JB/VarNet/reconstructions_forward/VarNet_test_sj/brain_test43.h5,0.95240706
675,result/JB/VarNet/reconstructions_forward/VarNet_test_sj/brain_test43.h5,0.95711935
676,result/JB/VarNet/reconstructions_forward/VarNet_test_sj/brain_test43.h5,0.9625844
677,result/JB/VarNet/reconstructions_forward/VarNet_test_sj/brain_test43.h5,0.9660038
678,result/JB/VarNet/reconstructions_forward/VarNet_test_sj/brain_test43.h5,0.96878386
679,result/JB/VarNet/reconstructions_forward/VarNet_test_sj/brain_test43.h5,0.96982306
680,result/JB/VarNet/reconstructions_forward/VarNet_test_sj/brain_test43.h5,0.9717275
681,result/JB/VarNet/reconstructions_forward/VarNet_test_sj/brain_test43.h5,0.9698376
682,result/JB/VarNet/reconstructions_forward/VarNet_test_sj/brain_test43.h5,0.9739274
683,result/JB/VarNet/reconstructions_forward/VarNet_test_sj/brain_test43.h5,0.97510797
684,result/JB/VarNet/reconstructions_forward/VarNet_test_sj/brain_test43.h5,0.97782475
685,result/JB/VarNet/reconstructions_forward/VarNet_test_sj/brain_test43.h5,0.97817796
686,result/JB/VarNet/reconstructions_forward/VarNet_test_sj/brain_test43.h5,0.9822606
687,result/JB/VarNet/reconstructions_forward/VarNet_test_sj/brain_test43.h5,0.988166
688,result/JB/VarNet/reconstructions_forward/VarNet_test_sj/brain_test44.h5,0.9445829
689,result/JB/VarNet/reconstructions_forward/VarNet_test_sj/brain_test44.h5,0.9459866
690,result/JB/VarNet/reconstructions_forward/VarNet_test_sj/brain_test44.h5,0.9426162
691,result/JB/VarNet/reconstructions_forward/VarNet_test_sj/brain_test44.h5,0.93863857
692,result/JB/VarNet/reconstructions_forward/VarNet_test_sj/brain_test44.h5,0.95227146
693,result/JB/VarNet/reconstructions_forward/VarNet_test_sj/brain_test44.h5,0.9527696
694,result/JB/VarNet/reconstructions_forward/VarNet_test_sj/brain_test44.h5,0.96117204
695,result/JB/VarNet/reconstructions_forward/VarNet_test_sj/brain_test44.h5,0.9622566
696,result/JB/VarNet/reconstructions_forward/VarNet_test_sj/brain_test44.h5,0.97063315
697,result/JB/VarNet/reconstructions_forward/VarNet_test_sj/brain_test44.h5,0.9694974
698,result/JB/VarNet/reconstructions_forward/VarNet_test_sj/brain_test44.h5,0.9735455
699,result/JB/VarNet/reconstructions_forward/VarNet_test_sj/brain_test44.h5,0.97374296
700,result/JB/VarNet/reconstructions_forward/VarNet_test_sj/brain_test44.h5,0.97411656
701,result/JB/VarNet/reconstructions_forward/VarNet_test_sj/brain_test44.h5,0.98057973
702,result/JB/VarNet/reconstructions_forward/VarNet_test_sj/brain_test44.h5,0.9851952
703,result/JB/VarNet/reconstructions_forward/VarNet_test_sj/brain_test44.h5,0.9936746
704,result/JB/VarNet/reconstructions_forward/VarNet_test_sj/brain_test45.h5,0.9685243
705,result/JB/VarNet/reconstructions_forward/VarNet_test_sj/brain_test45.h5,0.9726922
706,result/JB/VarNet/reconstructions_forward/VarNet_test_sj/brain_test45.h5,0.9724094
707,result/JB/VarNet/reconstructions_forward/VarNet_test_sj/brain_test45.h5,0.9740854
708,result/JB/VarNet/reconstructions_forward/VarNet_test_sj/brain_test45.h5,0.97638655
709,result/JB/VarNet/reconstructions_forward/VarNet_test_sj/brain_test45.h5,0.97865444
710,result/JB/VarNet/reconstructions_forward/VarNet_test_sj/brain_test45.h5,0.97822595
711,result/JB/VarNet/reconstructions_forward/VarNet_test_sj/brain_test45.h5,0.9777317
712,result/JB/VarNet/reconstructions_forward/VarNet_test_sj/brain_test45.h5,0.97812253
713,result/JB/VarNet/reconstructions_forward/VarNet_test_sj/brain_test45.h5,0.97837305
714,result/JB/VarNet/reconstructions_forward/VarNet_test_sj/brain_test45.h5,0.97860676
715,result/JB/VarNet/reconstructions_forward/VarNet_test_sj/brain_test45.h5,0.98267704
716,result/JB/VarNet/reconstructions_forward/VarNet_test_sj/brain_test45.h5,0.98529637
717,result/JB/VarNet/reconstructions_forward/VarNet_test_sj/brain_test45.h5,0.98832256
718,result/JB/VarNet/reconstructions_forward/VarNet_test_sj/brain_test45.h5,0.9922745
719,result/JB/VarNet/reconstructions_forward/VarNet_test_sj/brain_test45.h5,0.99552095
720,result/JB/VarNet/reconstructions_forward/VarNet_test_sj/brain_test46.h5,0.97057337
721,result/JB/VarNet/reconstructions_forward/VarNet_test_sj/brain_test46.h5,0.9714262
722,result/JB/VarNet/reconstructions_forward/VarNet_test_sj/brain_test46.h5,0.9737127
723,result/JB/VarNet/reconstructions_forward/VarNet_test_sj/brain_test46.h5,0.9750665
724,result/JB/VarNet/reconstructions_forward/VarNet_test_sj/brain_test46.h5,0.9741089
725,result/JB/VarNet/reconstructions_forward/VarNet_test_sj/brain_test46.h5,0.9770034
726,result/JB/VarNet/reconstructions_forward/VarNet_test_sj/brain_test46.h5,0.97606844
727,result/JB/VarNet/reconstructions_forward/VarNet_test_sj/brain_test46.h5,0.9781143
728,result/JB/VarNet/reconstructions_forward/VarNet_test_sj/brain_test46.h5,0.98026544
729,result/JB/VarNet/reconstructions_forward/VarNet_test_sj/brain_test46.h5,0.981402
730,result/JB/VarNet/reconstructions_forward/VarNet_test_sj/brain_test46.h5,0.9822574
731,result/JB/VarNet/reconstructions_forward/VarNet_test_sj/brain_test46.h5,0.9839976
732,result/JB/VarNet/reconstructions_forward/VarNet_test_sj/brain_test46.h5,0.98532385
733,result/JB/VarNet/reconstructions_forward/VarNet_test_sj/brain_test46.h5,0.9889276
734,result/JB/VarNet/reconstructions_forward/VarNet_test_sj/brain_test46.h5,0.9934796
735,result/JB/VarNet/reconstructions_forward/VarNet_test_sj/brain_test46.h5,0.99782133
736,result/JB/VarNet/reconstructions_forward/VarNet_test_sj/brain_test47.h5,0.93841964
737,result/JB/VarNet/reconstructions_forward/VarNet_test_sj/brain_test47.h5,0.93427235
738,result/JB/VarNet/reconstructions_forward/VarNet_test_sj/brain_test47.h5,0.936536
739,result/JB/VarNet/reconstructions_forward/VarNet_test_sj/brain_test47.h5,0.94154847
740,result/JB/VarNet/reconstructions_forward/VarNet_test_sj/brain_test47.h5,0.9473404
741,result/JB/VarNet/reconstructions_forward/VarNet_test_sj/brain_test47.h5,0.95086944
742,result/JB/VarNet/reconstructions_forward/VarNet_test_sj/brain_test47.h5,0.9540141
743,result/JB/VarNet/reconstructions_forward/VarNet_test_sj/brain_test47.h5,0.958724
744,result/JB/VarNet/reconstructions_forward/VarNet_test_sj/brain_test47.h5,0.96027565
745,result/JB/VarNet/reconstructions_forward/VarNet_test_sj/brain_test47.h5,0.9673835
746,result/JB/VarNet/reconstructions_forward/VarNet_test_sj/brain_test47.h5,0.9687828
747,result/JB/VarNet/reconstructions_forward/VarNet_test_sj/brain_test47.h5,0.9713161
748,result/JB/VarNet/reconstructions_forward/VarNet_test_sj/brain_test47.h5,0.97118247
749,result/JB/VarNet/reconstructions_forward/VarNet_test_sj/brain_test47.h5,0.9708369
750,result/JB/VarNet/reconstructions_forward/VarNet_test_sj/brain_test47.h5,0.9758012
751,result/JB/VarNet/reconstructions_forward/VarNet_test_sj/brain_test47.h5,0.9830879
752,result/JB/VarNet/reconstructions_forward/VarNet_test_sj/brain_test48.h5,0.9531396
753,result/JB/VarNet/reconstructions_forward/VarNet_test_sj/brain_test48.h5,0.9533557
754,result/JB/VarNet/reconstructions_forward/VarNet_test_sj/brain_test48.h5,0.958198
755,result/JB/VarNet/reconstructions_forward/VarNet_test_sj/brain_test48.h5,0.9634503
756,result/JB/VarNet/reconstructions_forward/VarNet_test_sj/brain_test48.h5,0.97084063
757,result/JB/VarNet/reconstructions_forward/VarNet_test_sj/brain_test48.h5,0.9710491
758,result/JB/VarNet/reconstructions_forward/VarNet_test_sj/brain_test48.h5,0.97519404
759,result/JB/VarNet/reconstructions_forward/VarNet_test_sj/brain_test48.h5,0.97775805
760,result/JB/VarNet/reconstructions_forward/VarNet_test_sj/brain_test48.h5,0.9803442
761,result/JB/VarNet/reconstructions_forward/VarNet_test_sj/brain_test48.h5,0.97993255
762,result/JB/VarNet/reconstructions_forward/VarNet_test_sj/brain_test48.h5,0.9809769
763,result/JB/VarNet/reconstructions_forward/VarNet_test_sj/brain_test48.h5,0.98186564
764,result/JB/VarNet/reconstructions_forward/VarNet_test_sj/brain_test48.h5,0.9826988
765,result/JB/VarNet/reconstructions_forward/VarNet_test_sj/brain_test48.h5,0.98399496
766,result/JB/VarNet/reconstructions_forward/VarNet_test_sj/brain_test48.h5,0.98625475
767,result/JB/VarNet/reconstructions_forward/VarNet_test_sj/brain_test48.h5,0.9910511
768,result/JB/VarNet/reconstructions_forward/VarNet_test_sj/brain_test49.h5,0.9432039
769,result/JB/VarNet/reconstructions_forward/VarNet_test_sj/brain_test49.h5,0.94081473
770,result/JB/VarNet/reconstructions_forward/VarNet_test_sj/brain_test49.h5,0.9502062
771,result/JB/VarNet/reconstructions_forward/VarNet_test_sj/brain_test49.h5,0.95262784
772,result/JB/VarNet/reconstructions_forward/VarNet_test_sj/brain_test49.h5,0.95295197
773,result/JB/VarNet/reconstructions_forward/VarNet_test_sj/brain_test49.h5,0.95921046
774,result/JB/VarNet/reconstructions_forward/VarNet_test_sj/brain_test49.h5,0.96490234
775,result/JB/VarNet/reconstructions_forward/VarNet_test_sj/brain_test49.h5,0.9681774
776,result/JB/VarNet/reconstructions_forward/VarNet_test_sj/brain_test49.h5,0.97018415
777,result/JB/VarNet/reconstructions_forward/VarNet_test_sj/brain_test49.h5,0.97039557
778,result/JB/VarNet/reconstructions_forward/VarNet_test_sj/brain_test49.h5,0.9707842
779,result/JB/VarNet/reconstructions_forward/VarNet_test_sj/brain_test49.h5,0.97376347
780,result/JB/VarNet/reconstructions_forward/VarNet_test_sj/brain_test49.h5,0.97595084
781,result/JB/VarNet/reconstructions_forward/VarNet_test_sj/brain_test49.h5,0.97974384
782,result/JB/VarNet/reconstructions_forward/VarNet_test_sj/brain_test49.h5,0.9813956
783,result/JB/VarNet/reconstructions_forward/VarNet_test_sj/brain_test49.h5,0.9894016
784,result/JB/VarNet/reconstructions_forward/VarNet_test_sj/brain_test50.h5,0.9717956
785,result/JB/VarNet/reconstructions_forward/VarNet_test_sj/brain_test50.h5,0.97504026
786,result/JB/VarNet/reconstructions_forward/VarNet_test_sj/brain_test50.h5,0.9773284
787,result/JB/VarNet/reconstructions_forward/VarNet_test_sj/brain_test50.h5,0.97638816
788,result/JB/VarNet/reconstructions_forward/VarNet_test_sj/brain_test50.h5,0.9747778
789,result/JB/VarNet/reconstructions_forward/VarNet_test_sj/brain_test50.h5,0.9755174
790,result/JB/VarNet/reconstructions_forward/VarNet_test_sj/brain_test50.h5,0.9760378
791,result/JB/VarNet/reconstructions_forward/VarNet_test_sj/brain_test50.h5,0.97555786
792,result/JB/VarNet/reconstructions_forward/VarNet_test_sj/brain_test50.h5,0.9769426
793,result/JB/VarNet/reconstructions_forward/VarNet_test_sj/brain_test50.h5,0.9796537
794,result/JB/VarNet/reconstructions_forward/VarNet_test_sj/brain_test50.h5,0.97758704
795,result/JB/VarNet/reconstructions_forward/VarNet_test_sj/brain_test50.h5,0.97960234
796,result/JB/VarNet/reconstructions_forward/VarNet_test_sj/brain_test50.h5,0.9826336
797,result/JB/VarNet/reconstructions_forward/VarNet_test_sj/brain_test50.h5,0.9866269
798,result/JB/VarNet/reconstructions_forward/VarNet_test_sj/brain_test50.h5,0.99078315
799,result/JB/VarNet/reconstructions_forward/VarNet_test_sj/brain_test50.h5,0.9953183
800,result/JB/VarNet/reconstructions_forward/VarNet_test_sj/brain_test51.h5,0.94856197
801,result/JB/VarNet/reconstructions_forward/VarNet_test_sj/brain_test51.h5,0.93943727
802,result/JB/VarNet/reconstructions_forward/VarNet_test_sj/brain_test51.h5,0.949396
803,result/JB/VarNet/reconstructions_forward/VarNet_test_sj/brain_test51.h5,0.9519388
804,result/JB/VarNet/reconstructions_forward/VarNet_test_sj/brain_test51.h5,0.95531094
805,result/JB/VarNet/reconstructions_forward/VarNet_test_sj/brain_test51.h5,0.9597297
806,result/JB/VarNet/reconstructions_forward/VarNet_test_sj/brain_test51.h5,0.96261126
807,result/JB/VarNet/reconstructions_forward/VarNet_test_sj/brain_test51.h5,0.9634131
808,result/JB/VarNet/reconstructions_forward/VarNet_test_sj/brain_test51.h5,0.9634747
809,result/JB/VarNet/reconstructions_forward/VarNet_test_sj/brain_test51.h5,0.9679309
810,result/JB/VarNet/reconstructions_forward/VarNet_test_sj/brain_test51.h5,0.96791625
811,result/JB/VarNet/reconstructions_forward/VarNet_test_sj/brain_test51.h5,0.9714484
812,result/JB/VarNet/reconstructions_forward/VarNet_test_sj/brain_test51.h5,0.9734928
813,result/JB/VarNet/reconstructions_forward/VarNet_test_sj/brain_test51.h5,0.9761117
814,result/JB/VarNet/reconstructions_forward/VarNet_test_sj/brain_test51.h5,0.9839437
815,result/JB/VarNet/reconstructions_forward/VarNet_test_sj/brain_test51.h5,0.9916805
816,result/JB/VarNet/reconstructions_forward/VarNet_test_sj/brain_test52.h5,0.96353114
817,result/JB/VarNet/reconstructions_forward/VarNet_test_sj/brain_test52.h5,0.96487707
818,result/JB/VarNet/reconstructions_forward/VarNet_test_sj/brain_test52.h5,0.96777594
819,result/JB/VarNet/reconstructions_forward/VarNet_test_sj/brain_test52.h5,0.9707424
820,result/JB/VarNet/reconstructions_forward/VarNet_test_sj/brain_test52.h5,0.9715372
821,result/JB/VarNet/reconstructions_forward/VarNet_test_sj/brain_test52.h5,0.9733094
822,result/JB/VarNet/reconstructions_forward/VarNet_test_sj/brain_test52.h5,0.97369814
823,result/JB/VarNet/reconstructions_forward/VarNet_test_sj/brain_test52.h5,0.9760588
824,result/JB/VarNet/reconstructions_forward/VarNet_test_sj/brain_test52.h5,0.97714895
825,result/JB/VarNet/reconstructions_forward/VarNet_test_sj/brain_test52.h5,0.97746015
826,result/JB/VarNet/reconstructions_forward/VarNet_test_sj/brain_test52.h5,0.9782283
827,result/JB/VarNet/reconstructions_forward/VarNet_test_sj/brain_test52.h5,0.9820444
828,result/JB/VarNet/reconstructions_forward/VarNet_test_sj/brain_test52.h5,0.9876338
829,result/JB/VarNet/reconstructions_forward/VarNet_test_sj/brain_test52.h5,0.9941099
830,result/JB/VarNet/reconstructions_forward/VarNet_test_sj/brain_test53.h5,0.9528811
831,result/JB/VarNet/reconstructions_forward/VarNet_test_sj/brain_test53.h5,0.95989305
832,result/JB/VarNet/reconstructions_forward/VarNet_test_sj/brain_test53.h5,0.9625654
833,result/JB/VarNet/reconstructions_forward/VarNet_test_sj/brain_test53.h5,0.96718794
834,result/JB/VarNet/reconstructions_forward/VarNet_test_sj/brain_test53.h5,0.97037715
835,result/JB/VarNet/reconstructions_forward/VarNet_test_sj/brain_test53.h5,0.9736135
836,result/JB/VarNet/reconstructions_forward/VarNet_test_sj/brain_test53.h5,0.9738594
837,result/JB/VarNet/reconstructions_forward/VarNet_test_sj/brain_test53.h5,0.9749567
838,result/JB/VarNet/reconstructions_forward/VarNet_test_sj/brain_test53.h5,0.97353655
839,result/JB/VarNet/reconstructions_forward/VarNet_test_sj/brain_test53.h5,0.9732828
840,result/JB/VarNet/reconstructions_forward/VarNet_test_sj/brain_test53.h5,0.9768505
841,result/JB/VarNet/reconstructions_forward/VarNet_test_sj/brain_test53.h5,0.9779362
842,result/JB/VarNet/reconstructions_forward/VarNet_test_sj/brain_test53.h5,0.9788773
843,result/JB/VarNet/reconstructions_forward/VarNet_test_sj/brain_test53.h5,0.9832441
844,result/JB/VarNet/reconstructions_forward/VarNet_test_sj/brain_test53.h5,0.9901304
845,result/JB/VarNet/reconstructions_forward/VarNet_test_sj/brain_test53.h5,0.99685645
846,result/JB/VarNet/reconstructions_forward/VarNet_test_sj/brain_test54.h5,0.9440604
847,result/JB/VarNet/reconstructions_forward/VarNet_test_sj/brain_test54.h5,0.9585111
848,result/JB/VarNet/reconstructions_forward/VarNet_test_sj/brain_test54.h5,0.960186
849,result/JB/VarNet/reconstructions_forward/VarNet_test_sj/brain_test54.h5,0.96859753
850,result/JB/VarNet/reconstructions_forward/VarNet_test_sj/brain_test54.h5,0.9726205
851,result/JB/VarNet/reconstructions_forward/VarNet_test_sj/brain_test54.h5,0.9751741
852,result/JB/VarNet/reconstructions_forward/VarNet_test_sj/brain_test54.h5,0.97885084
853,result/JB/VarNet/reconstructions_forward/VarNet_test_sj/brain_test54.h5,0.98060673
854,result/JB/VarNet/reconstructions_forward/VarNet_test_sj/brain_test54.h5,0.9799122
855,result/JB/VarNet/reconstructions_forward/VarNet_test_sj/brain_test54.h5,0.9798002
856,result/JB/VarNet/reconstructions_forward/VarNet_test_sj/brain_test54.h5,0.98045254
857,result/JB/VarNet/reconstructions_forward/VarNet_test_sj/brain_test54.h5,0.98150516
858,result/JB/VarNet/reconstructions_forward/VarNet_test_sj/brain_test54.h5,0.9797576
859,result/JB/VarNet/reconstructions_forward/VarNet_test_sj/brain_test54.h5,0.9831119
860,result/JB/VarNet/reconstructions_forward/VarNet_test_sj/brain_test54.h5,0.98630005
861,result/JB/VarNet/reconstructions_forward/VarNet_test_sj/brain_test54.h5,0.99167395
862,result/JB/VarNet/reconstructions_forward/VarNet_test_sj/brain_test55.h5,0.9552742
863,result/JB/VarNet/reconstructions_forward/VarNet_test_sj/brain_test55.h5,0.9573368
864,result/JB/VarNet/reconstructions_forward/VarNet_test_sj/brain_test55.h5,0.95735043
865,result/JB/VarNet/reconstructions_forward/VarNet_test_sj/brain_test55.h5,0.95792115
866,result/JB/VarNet/reconstructions_forward/VarNet_test_sj/brain_test55.h5,0.96037585
867,result/JB/VarNet/reconstructions_forward/VarNet_test_sj/brain_test55.h5,0.9631241
868,result/JB/VarNet/reconstructions_forward/VarNet_test_sj/brain_test55.h5,0.96522593
869,result/JB/VarNet/reconstructions_forward/VarNet_test_sj/brain_test55.h5,0.967897
870,result/JB/VarNet/reconstructions_forward/VarNet_test_sj/brain_test55.h5,0.97206646
871,result/JB/VarNet/reconstructions_forward/VarNet_test_sj/brain_test55.h5,0.97377187
872,result/JB/VarNet/reconstructions_forward/VarNet_test_sj/brain_test55.h5,0.97683257
873,result/JB/VarNet/reconstructions_forward/VarNet_test_sj/brain_test55.h5,0.98016626
874,result/JB/VarNet/reconstructions_forward/VarNet_test_sj/brain_test55.h5,0.98280287
875,result/JB/VarNet/reconstructions_forward/VarNet_test_sj/brain_test55.h5,0.98650455
876,result/JB/VarNet/reconstructions_forward/VarNet_test_sj/brain_test55.h5,0.99206007
877,result/JB/VarNet/reconstructions_forward/VarNet_test_sj/brain_test55.h5,0.99893445
878,result/JB/VarNet/reconstructions_forward/VarNet_test_sj/brain_test56.h5,0.9689307
879,result/JB/VarNet/reconstructions_forward/VarNet_test_sj/brain_test56.h5,0.9707491
880,result/JB/VarNet/reconstructions_forward/VarNet_test_sj/brain_test56.h5,0.9707388
881,result/JB/VarNet/reconstructions_forward/VarNet_test_sj/brain_test56.h5,0.97439265
882,result/JB/VarNet/reconstructions_forward/VarNet_test_sj/brain_test56.h5,0.9740716
883,result/JB/VarNet/reconstructions_forward/VarNet_test_sj/brain_test56.h5,0.9753889
884,result/JB/VarNet/reconstructions_forward/VarNet_test_sj/brain_test56.h5,0.975079
885,result/JB/VarNet/reconstructions_forward/VarNet_test_sj/brain_test56.h5,0.97729176
886,result/JB/VarNet/reconstructions_forward/VarNet_test_sj/brain_test56.h5,0.9754864
887,result/JB/VarNet/reconstructions_forward/VarNet_test_sj/brain_test56.h5,0.9777346
888,result/JB/VarNet/reconstructions_forward/VarNet_test_sj/brain_test56.h5,0.97713023
889,result/JB/VarNet/reconstructions_forward/VarNet_test_sj/brain_test56.h5,0.9828719
890,result/JB/VarNet/reconstructions_forward/VarNet_test_sj/brain_test56.h5,0.98693126
891,result/JB/VarNet/reconstructions_forward/VarNet_test_sj/brain_test56.h5,0.99167484
892,result/JB/VarNet/reconstructions_forward/VarNet_test_sj/brain_test56.h5,0.9958007
893,result/JB/VarNet/reconstructions_forward/VarNet_test_sj/brain_test56.h5,0.9992599
894,result/JB/VarNet/reconstructions_forward/VarNet_test_sj/brain_test57.h5,0.944387
895,result/JB/VarNet/reconstructions_forward/VarNet_test_sj/brain_test57.h5,0.94595474
896,result/JB/VarNet/reconstructions_forward/VarNet_test_sj/brain_test57.h5,0.94621134
897,result/JB/VarNet/reconstructions_forward/VarNet_test_sj/brain_test57.h5,0.952051
898,result/JB/VarNet/reconstructions_forward/VarNet_test_sj/brain_test57.h5,0.95468396
899,result/JB/VarNet/reconstructions_forward/VarNet_test_sj/brain_test57.h5,0.96187246
900,result/JB/VarNet/reconstructions_forward/VarNet_test_sj/brain_test57.h5,0.9678738
901,result/JB/VarNet/reconstructions_forward/VarNet_test_sj/brain_test57.h5,0.9721879
902,result/JB/VarNet/reconstructions_forward/VarNet_test_sj/brain_test57.h5,0.9736177
903,result/JB/VarNet/reconstructions_forward/VarNet_test_sj/brain_test57.h5,0.9723518
904,result/JB/VarNet/reconstructions_forward/VarNet_test_sj/brain_test57.h5,0.9774959
905,result/JB/VarNet/reconstructions_forward/VarNet_test_sj/brain_test57.h5,0.9805508
906,result/JB/VarNet/reconstructions_forward/VarNet_test_sj/brain_test57.h5,0.98309577
907,result/JB/VarNet/reconstructions_forward/VarNet_test_sj/brain_test57.h5,0.9864109
908,result/JB/VarNet/reconstructions_forward/VarNet_test_sj/brain_test57.h5,0.9925638
909,result/JB/VarNet/reconstructions_forward/VarNet_test_sj/brain_test57.h5,0.99690425
910,result/JB/VarNet/reconstructions_forward/VarNet_test_sj/brain_test58.h5,0.9451629
911,result/JB/VarNet/reconstructions_forward/VarNet_test_sj/brain_test58.h5,0.949398
912,result/JB/VarNet/reconstructions_forward/VarNet_test_sj/brain_test58.h5,0.95550674
913,result/JB/VarNet/reconstructions_forward/VarNet_test_sj/brain_test58.h5,0.9584339
914,result/JB/VarNet/reconstructions_forward/VarNet_test_sj/brain_test58.h5,0.96339357
915,result/JB/VarNet/reconstructions_forward/VarNet_test_sj/brain_test58.h5,0.9680336
916,result/JB/VarNet/reconstructions_forward/VarNet_test_sj/brain_test58.h5,0.9723341
917,result/JB/VarNet/reconstructions_forward/VarNet_test_sj/brain_test58.h5,0.97500354
918,result/JB/VarNet/reconstructions_forward/VarNet_test_sj/brain_test58.h5,0.9756411
919,result/JB/VarNet/reconstructions_forward/VarNet_test_sj/brain_test58.h5,0.9768167
920,result/JB/VarNet/reconstructions_forward/VarNet_test_sj/brain_test58.h5,0.9783092
921,result/JB/VarNet/reconstructions_forward/VarNet_test_sj/brain_test58.h5,0.9802835
922,result/JB/VarNet/reconstructions_forward/VarNet_test_sj/brain_test58.h5,0.9809808
923,result/JB/VarNet/reconstructions_forward/VarNet_test_sj/brain_test58.h5,0.9833822
924,result/JB/VarNet/reconstructions_forward/VarNet_test_sj/brain_test58.h5,0.98841083
925,result/JB/VarNet/reconstructions_forward/VarNet_test_sj/brain_test58.h5,0.99316245
